system:index,LST_C,NDVI,Ward_Name,ward_id,.geo
00000000000000000000,,,1 - K Narayanapura,1,"{""type"":""MultiPoint"",""coordinates"":[]}"
00000000000000000006,,,10 - Basavanapura,10,"{""type"":""MultiPoint"",""coordinates"":[]}"
00000000000000000017,,,11 - Krishnanagar,11,"{""type"":""MultiPoint"",""coordinates"":[]}"
0000000000000000001d,,,12 - Devasandra,12,"{""type"":""MultiPoint"",""coordinates"":[]}"
00000000000000000025,,,13 - Rajarajeshwari Temple ward,13,"{""type"":""MultiPoint"",""coordinates"":[]}"
00000000000000000028,,,14 - K.R Pura,14,"{""type"":""MultiPoint"",""coordinates"":[]}"
0000000000000000002e,,,15 - Ramamurthy Nagara,15,"{""type"":""MultiPoint"",""coordinates"":[]}"
00000000000000000031,,,16 - Kotthur,16,"{""type"":""MultiPoint"",""coordinates"":[]}"
00000000000000000039,,,17 - Vijinapura,17,"{""type"":""MultiPoint"",""coordinates"":[]}"
0000000000000000003a,,,18 - Dooravaninagar,18,"{""type"":""MultiPoint"",""coordinates"":[]}"
00000000000000000040,,,19 - K.S. Nissar Ahmed Ward,19,"{""type"":""MultiPoint"",""coordinates"":[]}"
00000000000000000046,,,2 - Horamavu,2,"{""type"":""MultiPoint"",""coordinates"":[]}"
00000000000000000049,,,20 - A Narayanapura,20,"{""type"":""MultiPoint"",""coordinates"":[]}"
00000000000000000052,,,21 - Uday Nagar,21,"{""type"":""MultiPoint"",""coordinates"":[]}"
00000000000000000055,,,22 - Mahadevapura,22,"{""type"":""MultiPoint"",""coordinates"":[]}"
0000000000000000005c,,,23 - Sangama Ward,23,"{""type"":""MultiPoint"",""coordinates"":[]}"
00000000000000000061,,,24 - Vignananagara,24,"{""type"":""MultiPoint"",""coordinates"":[]}"
00000000000000000064,,,25 - L.B Shastri Nagar,25,"{""type"":""MultiPoint"",""coordinates"":[]}"
00000000000000000068,,,26 - Jagadish Nagar,26,"{""type"":""MultiPoint"",""coordinates"":[]}"
00000000000000000070,,,27 - Vibhootipura,27,"{""type"":""MultiPoint"",""coordinates"":[]}"
0000000000000000007b,,,3 - Chellakere,3,"{""type"":""MultiPoint"",""coordinates"":[]}"
000000000000000000b2,,,4 - Babusab Palya,4,"{""type"":""MultiPoint"",""coordinates"":[]}"
000000000000000000e9,,,5 - Hoysala Nagara East,5,"{""type"":""MultiPoint"",""coordinates"":[]}"
0000000000000000011a,,,6 - Kalkere,6,"{""type"":""MultiPoint"",""coordinates"":[]}"
00000000000000000140,,,7 - K Chennasandra,7,"{""type"":""MultiPoint"",""coordinates"":[]}"
00000000000000000153,,,8 - Anandapura,8,"{""type"":""MultiPoint"",""coordinates"":[]}"
00000000000000000162,,,9 - Bhattarahalli,9,"{""type"":""MultiPoint"",""coordinates"":[]}"
00000000000000000071,,,28 - Byrathi,28,"{""type"":""MultiPoint"",""coordinates"":[]}"
00000000000000000078,,,29 - Hoodi,29,"{""type"":""MultiPoint"",""coordinates"":[]}"
00000000000000000080,,,30 - Belathur,30,"{""type"":""MultiPoint"",""coordinates"":[]}"
00000000000000000086,,,31 - Kadugodi,31,"{""type"":""MultiPoint"",""coordinates"":[]}"
0000000000000000008b,,,32 - Channasandra,32,"{""type"":""MultiPoint"",""coordinates"":[]}"
00000000000000000093,,,33 - S.M Krishna Ward,33,"{""type"":""MultiPoint"",""coordinates"":[]}"
00000000000000000096,,,34 - Kaveri Nagara,34,"{""type"":""MultiPoint"",""coordinates"":[]}"
00000000000000000099,,,35 - Garudachar Palya,35,"{""type"":""MultiPoint"",""coordinates"":[]}"
0000000000000000009f,,,36 - Bharath Aikya Ward,36,"{""type"":""MultiPoint"",""coordinates"":[]}"
000000000000000000a6,,,37 - Kundalahalli,37,"{""type"":""MultiPoint"",""coordinates"":[]}"
000000000000000000ac,,,38 - Whitefield,38,"{""type"":""MultiPoint"",""coordinates"":[]}"
000000000000000000ae,,,39 - Hagaduru,39,"{""type"":""MultiPoint"",""coordinates"":[]}"
000000000000000000bb,,,40 - Varthur,40,"{""type"":""MultiPoint"",""coordinates"":[]}"
000000000000000000bd,,,41 - Munnenkolalu,41,"{""type"":""MultiPoint"",""coordinates"":[]}"
000000000000000000c2,,,42 - Priyadarshini Ward,42,"{""type"":""MultiPoint"",""coordinates"":[]}"
000000000000000000c8,,,43 - Dodda Nekkundi,43,"{""type"":""MultiPoint"",""coordinates"":[]}"
000000000000000000cb,,,44 - Ashwath Nagar,44,"{""type"":""MultiPoint"",""coordinates"":[]}"
000000000000000000d3,,,45 - Marathahalli,45,"{""type"":""MultiPoint"",""coordinates"":[]}"
000000000000000000d8,,,46 - Yamalur,46,"{""type"":""MultiPoint"",""coordinates"":[]}"
000000000000000000da,,,47 - Bellanduru,47,"{""type"":""MultiPoint"",""coordinates"":[]}"
000000000000000000e1,,,48 - Panathur,48,"{""type"":""MultiPoint"",""coordinates"":[]}"
000000000000000000e7,,,49 - Shivanasamudra Ward,49,"{""type"":""MultiPoint"",""coordinates"":[]}"
000000000000000000ef,,,50 - Gunjur,50,"{""type"":""MultiPoint"",""coordinates"":[]}"
00000000000000000037,,,17 - N.S Palya,17,"{""type"":""MultiPoint"",""coordinates"":[]}"
0000000000000000003e,,,18 - Viswamanava Kuvempu Ward,18,"{""type"":""MultiPoint"",""coordinates"":[]}"
00000000000000000041,,,19 - New Tavarekere,19,"{""type"":""MultiPoint"",""coordinates"":[]}"
0000000000000000004c,,,20 - Madiwala,20,"{""type"":""MultiPoint"",""coordinates"":[]}"
0000000000000000004e,,,21 - Chikka Adugodi,21,"{""type"":""MultiPoint"",""coordinates"":[]}"
00000000000000000057,,,22 - S.G Palya,22,"{""type"":""MultiPoint"",""coordinates"":[]}"
0000000000000000005a,,,23 - Lakkasandra,23,"{""type"":""MultiPoint"",""coordinates"":[]}"
0000000000000000005d,,,24 - A Adugodi,24,"{""type"":""MultiPoint"",""coordinates"":[]}"
00000000000000000065,,,25 - National Games Village,25,"{""type"":""MultiPoint"",""coordinates"":[]}"
00000000000000000067,,,26 - Ejipura,26,"{""type"":""MultiPoint"",""coordinates"":[]}"
0000000000000000006e,,,27 - Sri Lakshmi Devi Ward,27,"{""type"":""MultiPoint"",""coordinates"":[]}"
00000000000000000072,,,28 - Kormangala East,28,"{""type"":""MultiPoint"",""coordinates"":[]}"
00000000000000000079,,,29 - Kormangala West,29,"{""type"":""MultiPoint"",""coordinates"":[]}"
00000000000000000081,,,30 - Jakkasandra,30,"{""type"":""MultiPoint"",""coordinates"":[]}"
00000000000000000088,,,31 - Kasavanahalli,31,"{""type"":""MultiPoint"",""coordinates"":[]}"
000000000000000000fb,,,53 - Jaraganahalli,53,"{""type"":""MultiPoint"",""coordinates"":[]}"
00000000000000000101,,,54 - Kengal Hanumanthaiah South,54,"{""type"":""MultiPoint"",""coordinates"":[]}"
00000000000000000105,,,55 - Puttenahalli,55,"{""type"":""MultiPoint"",""coordinates"":[]}"
00000000000000000107,,,56 - Doresanipalya,56,"{""type"":""MultiPoint"",""coordinates"":[]}"
0000000000000000010d,,,57 - Hulimavu,57,"{""type"":""MultiPoint"",""coordinates"":[]}"
0000000000000000010f,,,58 - Arakere,58,"{""type"":""MultiPoint"",""coordinates"":[]}"
00000000000000000116,,,59 - Vijaya Bank Layout,59,"{""type"":""MultiPoint"",""coordinates"":[]}"
0000000000000000011c,,,60 - Bilekahalli,60,"{""type"":""MultiPoint"",""coordinates"":[]}"
00000000000000000123,,,61 - Kodi Chikkanahalli,61,"{""type"":""MultiPoint"",""coordinates"":[]}"
00000000000000000125,,,62 - Devarachikkanahalli,62,"{""type"":""MultiPoint"",""coordinates"":[]}"
00000000000000000128,,,63 - Bommanahalli,63,"{""type"":""MultiPoint"",""coordinates"":[]}"
0000000000000000012c,,,64 - Hongasandra,64,"{""type"":""MultiPoint"",""coordinates"":[]}"
00000000000000000130,,,65 - Garvebavi Palya,65,"{""type"":""MultiPoint"",""coordinates"":[]}"
00000000000000000134,,,66 - Singasandra,66,"{""type"":""MultiPoint"",""coordinates"":[]}"
00000000000000000135,,,67 - Bandepalya,67,"{""type"":""MultiPoint"",""coordinates"":[]}"
0000000000000000013a,,,68 - Mangammana Palya,68,"{""type"":""MultiPoint"",""coordinates"":[]}"
0000000000000000013d,,,69 - Hosapalya,69,"{""type"":""MultiPoint"",""coordinates"":[]}"
00000000000000000144,,,70 - Iblur,70,"{""type"":""MultiPoint"",""coordinates"":[]}"
00000000000000000146,,,71 - Agara,71,"{""type"":""MultiPoint"",""coordinates"":[]}"
0000000000000000014a,,,72 - HSR Layout,72,"{""type"":""MultiPoint"",""coordinates"":[]}"
0000000000000000008c,,,32 - Kudlu,32,"{""type"":""MultiPoint"",""coordinates"":[]}"
000000000000000000f9,,,52 - Talagattapura,52,"{""type"":""MultiPoint"",""coordinates"":[]}"
00000000000000000002,,,1 - Padmanabhanagara,1,"{""type"":""MultiPoint"",""coordinates"":[]}"
00000000000000000048,,,2 - Kadirenahalli,2,"{""type"":""MultiPoint"",""coordinates"":[]}"
0000000000000000007f,,,3 - Yarab nagar,3,"{""type"":""MultiPoint"",""coordinates"":[]}"
000000000000000000b3,,,4 - Banashankari Temple Ward,4,"{""type"":""MultiPoint"",""coordinates"":[]}"
000000000000000000ea,,,5 - Kane Muneshwara Ward,5,"{""type"":""MultiPoint"",""coordinates"":[]}"
00000000000000000119,,,6 - Gowdanapalya,6,"{""type"":""MultiPoint"",""coordinates"":[]}"
00000000000000000005,,,10 - Abdul Kalam Nagar,10,"{""type"":""MultiPoint"",""coordinates"":[]}"
00000000000000000016,,,11 - Jayanagar East,11,"{""type"":""MultiPoint"",""coordinates"":[]}"
0000000000000000001f,,,12 - Pattabhirama Nagara,12,"{""type"":""MultiPoint"",""coordinates"":[]}"
00000000000000000023,,,13 - Marenahalli South,13,"{""type"":""MultiPoint"",""coordinates"":[]}"
00000000000000000027,,,14 - J.P Nagar,14,"{""type"":""MultiPoint"",""coordinates"":[]}"
0000000000000000002f,,,15 - Shakambarinagara,15,"{""type"":""MultiPoint"",""coordinates"":[]}"
00000000000000000033,,,16 - Sarakki,16,"{""type"":""MultiPoint"",""coordinates"":[]}"
0000000000000000013f,,,7 - Byrasandra,7,"{""type"":""MultiPoint"",""coordinates"":[]}"
00000000000000000157,,,8 - Tilak Nagara,8,"{""type"":""MultiPoint"",""coordinates"":[]}"
00000000000000000165,,,9 - N.A.L Layout,9,"{""type"":""MultiPoint"",""coordinates"":[]}"
00000000000000000092,,,33 - Naganathapura,33,"{""type"":""MultiPoint"",""coordinates"":[]}"
00000000000000000094,,,34 - Chikkathoguru,34,"{""type"":""MultiPoint"",""coordinates"":[]}"
0000000000000000009d,,,35 - Vishwapriya Nagara,35,"{""type"":""MultiPoint"",""coordinates"":[]}"
0000000000000000009e,,,36 - Beguru,36,"{""type"":""MultiPoint"",""coordinates"":[]}"
000000000000000000a7,,,37 - Yelenahalli,37,"{""type"":""MultiPoint"",""coordinates"":[]}"
000000000000000000a8,,,38 - Doddakammanahalli,38,"{""type"":""MultiPoint"",""coordinates"":[]}"
000000000000000000ad,,,39 - Gottigere,39,"{""type"":""MultiPoint"",""coordinates"":[]}"
000000000000000000b7,,,40 - Anjanapura,40,"{""type"":""MultiPoint"",""coordinates"":[]}"
000000000000000000bc,,,41 - Kothanur,41,"{""type"":""MultiPoint"",""coordinates"":[]}"
000000000000000000c3,,,42 - RBI Layout,42,"{""type"":""MultiPoint"",""coordinates"":[]}"
000000000000000000c6,,,43 - Bheereshwara Nagar,43,"{""type"":""MultiPoint"",""coordinates"":[]}"
000000000000000000ce,,,44 - Harinagar,44,"{""type"":""MultiPoint"",""coordinates"":[]}"
000000000000000000d1,,,45 - Konanakunte,45,"{""type"":""MultiPoint"",""coordinates"":[]}"
000000000000000000d9,,,46 - Yelachenahalli,46,"{""type"":""MultiPoint"",""coordinates"":[]}"
000000000000000000db,,,47 - Chandranagara,47,"{""type"":""MultiPoint"",""coordinates"":[]}"
000000000000000000e3,,,48 - Vasanthapura,48,"{""type"":""MultiPoint"",""coordinates"":[]}"
000000000000000000e8,,,49 - Uttarahalli,49,"{""type"":""MultiPoint"",""coordinates"":[]}"
000000000000000000f2,,,50 - Sarvabhouma Nagar,50,"{""type"":""MultiPoint"",""coordinates"":[]}"
000000000000000000f6,,,51 - Subramanyapura,51,"{""type"":""MultiPoint"",""coordinates"":[]}"
00000000000000000007,,,10 - Cox Town,10,"{""type"":""MultiPoint"",""coordinates"":[]}"
00000000000000000018,,,11 - Old Baiyappanahalli,11,"{""type"":""MultiPoint"",""coordinates"":[]}"
0000000000000000001e,,,12 - Kasturi Nagar,12,"{""type"":""MultiPoint"",""coordinates"":[]}"
00000000000000000022,,,13 - Krishnaiahnapalya,13,"{""type"":""MultiPoint"",""coordinates"":[]}"
00000000000000000029,,,14 - Nagavarapalya,14,"{""type"":""MultiPoint"",""coordinates"":[]}"
0000000000000000002d,,,15 - Indiranagar,15,"{""type"":""MultiPoint"",""coordinates"":[]}"
00000000000000000032,,,16 - New Thippasandra,16,"{""type"":""MultiPoint"",""coordinates"":[]}"
00000000000000000036,,,17 - Kaggadasapura,17,"{""type"":""MultiPoint"",""coordinates"":[]}"
0000000000000000003b,,,18 - G.M Palya,18,"{""type"":""MultiPoint"",""coordinates"":[]}"
0000000000000000003f,,,19 - Jeevan Bhimanagar,19,"{""type"":""MultiPoint"",""coordinates"":[]}"
0000000000000000004b,,,20 - Kodihalli,20,"{""type"":""MultiPoint"",""coordinates"":[]}"
00000000000000000051,,,21 - Konena Agrahara,21,"{""type"":""MultiPoint"",""coordinates"":[]}"
00000000000000000163,,,9 - Hoysala Nagara Central,9,"{""type"":""MultiPoint"",""coordinates"":[]}"
00000000000000000054,,,22 - Domluru,22,"{""type"":""MultiPoint"",""coordinates"":[]}"
00000000000000000059,,,23 - Jogpalya,23,"{""type"":""MultiPoint"",""coordinates"":[]}"
0000000000000000005e,,,24 - Agaram,24,"{""type"":""MultiPoint"",""coordinates"":[]}"
00000000000000000062,,,25 - Ashokanagar,25,"{""type"":""MultiPoint"",""coordinates"":[]}"
0000000000000000006b,,,26 - Vannarpet,26,"{""type"":""MultiPoint"",""coordinates"":[]}"
0000000000000000006c,,,27 - Ambedkarnagar,27,"{""type"":""MultiPoint"",""coordinates"":[]}"
00000000000000000074,,,28 - Neelasandra,28,"{""type"":""MultiPoint"",""coordinates"":[]}"
00000000000000000076,,,29 - Austin Town,29,"{""type"":""MultiPoint"",""coordinates"":[]}"
00000000000000000084,,,30 - Vinayakanagar,30,"{""type"":""MultiPoint"",""coordinates"":[]}"
00000000000000000089,,,31 - Shanthinagar,31,"{""type"":""MultiPoint"",""coordinates"":[]}"
00000000000000000004,,,1 - Ramaswamy Palya,1,"{""type"":""MultiPoint"",""coordinates"":[]}"
00000000000000000047,,,2 - Jayamahal,2,"{""type"":""MultiPoint"",""coordinates"":[]}"
0000000000000000007e,,,3 - Vasanth Nagar,3,"{""type"":""MultiPoint"",""coordinates"":[]}"
000000000000000000b6,,,4 - Sampangirama Nagar,4,"{""type"":""MultiPoint"",""coordinates"":[]}"
000000000000000000ec,,,5 - Shivajinagar,5,"{""type"":""MultiPoint"",""coordinates"":[]}"
00000000000000000117,,,6 - Bharathi Nagar,6,"{""type"":""MultiPoint"",""coordinates"":[]}"
00000000000000000141,,,7 - K Kamaraj Ward,7,"{""type"":""MultiPoint"",""coordinates"":[]}"
00000000000000000154,,,8 - Halasuru,8,"{""type"":""MultiPoint"",""coordinates"":[]}"
000000000000000000ff,,,54 - Binnypete,54,"{""type"":""MultiPoint"",""coordinates"":[]}"
00000000000000000103,,,55 - Bhuvaneshwari Nagar,55,"{""type"":""MultiPoint"",""coordinates"":[]}"
00000000000000000109,,,56 - Gopalpura,56,"{""type"":""MultiPoint"",""coordinates"":[]}"
0000000000000000010c,,,57 - Cottonpete,57,"{""type"":""MultiPoint"",""coordinates"":[]}"
00000000000000000110,,,58 - Chickpete,58,"{""type"":""MultiPoint"",""coordinates"":[]}"
00000000000000000115,,,59 - Nehru Nagar,59,"{""type"":""MultiPoint"",""coordinates"":[]}"
0000000000000000011f,,,60 - Seshadripuram,60,"{""type"":""MultiPoint"",""coordinates"":[]}"
00000000000000000121,,,61 - Dattatreya Ward,61,"{""type"":""MultiPoint"",""coordinates"":[]}"
00000000000000000127,,,62 - Swatantra Palya Ward,62,"{""type"":""MultiPoint"",""coordinates"":[]}"
0000000000000000012a,,,63 - Okalipuram,63,"{""type"":""MultiPoint"",""coordinates"":[]}"
000000000000000000cc,,,44 - Chamarajpet,44,"{""type"":""MultiPoint"",""coordinates"":[]}"
000000000000000000d0,,,45 - K.R Market,45,"{""type"":""MultiPoint"",""coordinates"":[]}"
000000000000000000d5,,,46 - Cheluvadi Palya,46,"{""type"":""MultiPoint"",""coordinates"":[]}"
000000000000000000dc,,,47 - IPD Salappa Ward,47,"{""type"":""MultiPoint"",""coordinates"":[]}"
000000000000000000df,,,48 - Azad Nagar,48,"{""type"":""MultiPoint"",""coordinates"":[]}"
000000000000000000e6,,,49 - Kasturbha Nagar,49,"{""type"":""MultiPoint"",""coordinates"":[]}"
000000000000000000f0,,,50 - JJR Nagara,50,"{""type"":""MultiPoint"",""coordinates"":[]}"
000000000000000000f4,,,51 - Old Guddadahalli,51,"{""type"":""MultiPoint"",""coordinates"":[]}"
000000000000000000f8,,,52 - Padarayanapura,52,"{""type"":""MultiPoint"",""coordinates"":[]}"
000000000000000000fe,,,53 - Rayapuram,53,"{""type"":""MultiPoint"",""coordinates"":[]}"
0000000000000000008e,,,32 - SilverJubilee Park Ward,32,"{""type"":""MultiPoint"",""coordinates"":[]}"
0000000000000000008f,,,33 - Dharmaraya Swamy Temple Ward,33,"{""type"":""MultiPoint"",""coordinates"":[]}"
00000000000000000095,,,34 - D.V Gundappa Ward,34,"{""type"":""MultiPoint"",""coordinates"":[]}"
0000000000000000009b,,,35 - Hombegowda Nagara,35,"{""type"":""MultiPoint"",""coordinates"":[]}"
000000000000000000a2,,,36 - Someshwara Nagara,36,"{""type"":""MultiPoint"",""coordinates"":[]}"
000000000000000000a3,,,37 - BHEL Ward,37,"{""type"":""MultiPoint"",""coordinates"":[]}"
000000000000000000a9,,,38 - Kanakanapalya,38,"{""type"":""MultiPoint"",""coordinates"":[]}"
000000000000000000b1,,,39 - Venkat Reddy Nagara,39,"{""type"":""MultiPoint"",""coordinates"":[]}"
000000000000000000b8,,,40 - Ashoka Pillar,40,"{""type"":""MultiPoint"",""coordinates"":[]}"
000000000000000000c0,,,41 - V.V Puram,41,"{""type"":""MultiPoint"",""coordinates"":[]}"
000000000000000000c5,,,42 - Sunkenahalli,42,"{""type"":""MultiPoint"",""coordinates"":[]}"
000000000000000000c7,,,43 - Devaraj Urs Ward,43,"{""type"":""MultiPoint"",""coordinates"":[]}"
000000000000000000e0,,,48 - Mathikere,48,"{""type"":""MultiPoint"",""coordinates"":[]}"
000000000000000000e4,,,49 - Aramane Nagara,49,"{""type"":""MultiPoint"",""coordinates"":[]}"
000000000000000000f1,,,50 - Sadashiva Nagara,50,"{""type"":""MultiPoint"",""coordinates"":[]}"
000000000000000000f5,,,51 - Rajamahal,51,"{""type"":""MultiPoint"",""coordinates"":[]}"
000000000000000000f7,,,52 - Kodandarampura,52,"{""type"":""MultiPoint"",""coordinates"":[]}"
000000000000000000fc,,,53 - Malleshwaram,53,"{""type"":""MultiPoint"",""coordinates"":[]}"
00000000000000000102,,,54 - Subedarpalya,54,"{""type"":""MultiPoint"",""coordinates"":[]}"
00000000000000000106,,,55 - Subramanyanagara,55,"{""type"":""MultiPoint"",""coordinates"":[]}"
00000000000000000108,,,56 - Gayathri Nagara,56,"{""type"":""MultiPoint"",""coordinates"":[]}"
0000000000000000010e,,,57 - Kuvempu Ward,57,"{""type"":""MultiPoint"",""coordinates"":[]}"
00000000000000000111,,,58 - Dayanand Nagara,58,"{""type"":""MultiPoint"",""coordinates"":[]}"
00000000000000000113,,,59 - Bandi Reddy Circle Ward,59,"{""type"":""MultiPoint"",""coordinates"":[]}"
0000000000000000011e,,,60 - Prakash Nagara,60,"{""type"":""MultiPoint"",""coordinates"":[]}"
00000000000000000120,,,61 - Da.Ra. Bendre Ward,61,"{""type"":""MultiPoint"",""coordinates"":[]}"
00000000000000000126,,,62 - Rama Mandira,62,"{""type"":""MultiPoint"",""coordinates"":[]}"
0000000000000000012b,,,63 - Rajajinagara,63,"{""type"":""MultiPoint"",""coordinates"":[]}"
0000000000000000012d,,,64 - Shivanagara,64,"{""type"":""MultiPoint"",""coordinates"":[]}"
00000000000000000131,,,65 - Manjunath Nagara,65,"{""type"":""MultiPoint"",""coordinates"":[]}"
00000000000000000133,,,66 - Sane Guruvana Halli,66,"{""type"":""MultiPoint"",""coordinates"":[]}"
00000000000000000136,,,67 - Basaveshwara Nagara,67,"{""type"":""MultiPoint"",""coordinates"":[]}"
00000000000000000138,,,68 - Kamakshipalya,68,"{""type"":""MultiPoint"",""coordinates"":[]}"
0000000000000000013b,,,69 - Agrahara Dasarahalli,69,"{""type"":""MultiPoint"",""coordinates"":[]}"
00000000000000000143,,,70 - Dr Rajkumar Ward,70,"{""type"":""MultiPoint"",""coordinates"":[]}"
00000000000000000148,,,71 - Thimmenahalli,71,"{""type"":""MultiPoint"",""coordinates"":[]}"
0000000000000000014b,,,72 - Kaveripura,72,"{""type"":""MultiPoint"",""coordinates"":[]}"
0000000000000000014c,,,73 - Dr. Vishnuvardhan Ward,73,"{""type"":""MultiPoint"",""coordinates"":[]}"
0000000000000000014d,,,74 - Pattegar Palya,74,"{""type"":""MultiPoint"",""coordinates"":[]}"
0000000000000000014e,,,75 - Marenahalli West,75,"{""type"":""MultiPoint"",""coordinates"":[]}"
0000000000000000014f,,,76 - Moodalapalya,76,"{""type"":""MultiPoint"",""coordinates"":[]}"
00000000000000000150,,,77 - Maruthi Mandira Ward,77,"{""type"":""MultiPoint"",""coordinates"":[]}"
00000000000000000151,,,78 - Anubhava Nagara,78,"{""type"":""MultiPoint"",""coordinates"":[]}"
00000000000000000152,,,79 - Nagarbhavi,79,"{""type"":""MultiPoint"",""coordinates"":[]}"
00000000000000000158,,,80 - Chandra Layout,80,"{""type"":""MultiPoint"",""coordinates"":[]}"
00000000000000000159,,,81 - Nayanda Halli,81,"{""type"":""MultiPoint"",""coordinates"":[]}"
0000000000000000015a,,,82 - Attigupe,82,"{""type"":""MultiPoint"",""coordinates"":[]}"
0000000000000000015b,,,83 - Hampi Nagar,83,"{""type"":""MultiPoint"",""coordinates"":[]}"
0000000000000000015c,,,84 - Hosahalli,84,"{""type"":""MultiPoint"",""coordinates"":[]}"
0000000000000000015d,,,85 - Adi Chunchanagiri Ward,85,"{""type"":""MultiPoint"",""coordinates"":[]}"
0000000000000000015e,,,86 - Vidyaranyanagara,86,"{""type"":""MultiPoint"",""coordinates"":[]}"
0000000000000000015f,,,87 - K.P Agrahara,87,"{""type"":""MultiPoint"",""coordinates"":[]}"
00000000000000000160,,,88 - Sangolli Rayanna Ward,88,"{""type"":""MultiPoint"",""coordinates"":[]}"
00000000000000000161,,,89 - Bapuji Nagara,89,"{""type"":""MultiPoint"",""coordinates"":[]}"
00000000000000000167,,,90 - Krishnadevaraya ward,90,"{""type"":""MultiPoint"",""coordinates"":[]}"
00000000000000000168,,,91 - Gali Anjaneya Temple Ward,91,"{""type"":""MultiPoint"",""coordinates"":[]}"
00000000000000000169,,,92 - Muneshwara Block,92,"{""type"":""MultiPoint"",""coordinates"":[]}"
0000000000000000016a,,,93 - Avalahalli,93,"{""type"":""MultiPoint"",""coordinates"":[]}"
0000000000000000016b,,,94 - Deepanjali Nagara,94,"{""type"":""MultiPoint"",""coordinates"":[]}"
0000000000000000000a,,,100 - Srinagar,100,"{""type"":""MultiPoint"",""coordinates"":[]}"
0000000000000000000b,,,101 - Kempambudhi Ward,101,"{""type"":""MultiPoint"",""coordinates"":[]}"
0000000000000000000c,,,102 - Hanumanthanagar,102,"{""type"":""MultiPoint"",""coordinates"":[]}"
0000000000000000000d,,,103 - N.R Colony,103,"{""type"":""MultiPoint"",""coordinates"":[]}"
0000000000000000000e,,,104 - Thyagarajnagar,104,"{""type"":""MultiPoint"",""coordinates"":[]}"
0000000000000000016c,,,95 - Swamy Vivekananda Ward,95,"{""type"":""MultiPoint"",""coordinates"":[]}"
0000000000000000016d,,,96 - Kathriguppe,96,"{""type"":""MultiPoint"",""coordinates"":[]}"
0000000000000000016e,,,97 - Srinivasa Nagara,97,"{""type"":""MultiPoint"",""coordinates"":[]}"
0000000000000000016f,,,98 - Ashoka Nagara,98,"{""type"":""MultiPoint"",""coordinates"":[]}"
00000000000000000170,,,99 - T.R Shamanna Nagar,99,"{""type"":""MultiPoint"",""coordinates"":[]}"
00000000000000000014,,,11 - Dodda Bidarakallu,11,"{""type"":""MultiPoint"",""coordinates"":[]}"
0000000000000000001c,,,12 - Andrahalli,12,"{""type"":""MultiPoint"",""coordinates"":[]}"
00000000000000000024,,,13 - Nada prabhu Kempegowda Nagara,13,"{""type"":""MultiPoint"",""coordinates"":[]}"
00000000000000000026,,,14 - Herohalli,14,"{""type"":""MultiPoint"",""coordinates"":[]}"
0000000000000000002b,,,15 - Byadarahalli,15,"{""type"":""MultiPoint"",""coordinates"":[]}"
00000000000000000034,,,16 - Ullal,16,"{""type"":""MultiPoint"",""coordinates"":[]}"
00000000000000000038,,,17 - Nagadevanahalli,17,"{""type"":""MultiPoint"",""coordinates"":[]}"
0000000000000000003d,,,18 - Kengal Hanumanthaiah West,18,"{""type"":""MultiPoint"",""coordinates"":[]}"
00000000000000000042,,,19 - Shivanapalya,19,"{""type"":""MultiPoint"",""coordinates"":[]}"
0000000000000000004a,,,20 - Kengeri Kote ward,20,"{""type"":""MultiPoint"",""coordinates"":[]}"
0000000000000000004f,,,21 - Kengeri,21,"{""type"":""MultiPoint"",""coordinates"":[]}"
00000000000000000053,,,22 - Bangarappa Nagara,22,"{""type"":""MultiPoint"",""coordinates"":[]}"
0000000000000000005b,,,23 - Rajarajeshwari Nagara,23,"{""type"":""MultiPoint"",""coordinates"":[]}"
00000000000000000060,,,24 - Jnana Bharathi Ward,24,"{""type"":""MultiPoint"",""coordinates"":[]}"
00000000000000000066,,,25 - Vinayaka Layout,25,"{""type"":""MultiPoint"",""coordinates"":[]}"
00000000000000000069,,,26 - Mallathahalli,26,"{""type"":""MultiPoint"",""coordinates"":[]}"
0000000000000000006f,,,27 - Srigandada Kaval,27,"{""type"":""MultiPoint"",""coordinates"":[]}"
00000000000000000073,,,28 - Kottegepalya,28,"{""type"":""MultiPoint"",""coordinates"":[]}"
00000000000000000077,,,29 - Chowdeshwari Nagar,29,"{""type"":""MultiPoint"",""coordinates"":[]}"
00000000000000000083,,,30 - Kempegowda Layout,30,"{""type"":""MultiPoint"",""coordinates"":[]}"
00000000000000000085,,,31 - Freedom Fighter Ward,31,"{""type"":""MultiPoint"",""coordinates"":[]}"
0000000000000000008d,,,32 - Laggere,32,"{""type"":""MultiPoint"",""coordinates"":[]}"
00000000000000000091,,,33 - Lakshmi Devi Nagar,33,"{""type"":""MultiPoint"",""coordinates"":[]}"
00000000000000000097,,,34 - Peenya,34,"{""type"":""MultiPoint"",""coordinates"":[]}"
0000000000000000009a,,,35 - Goraguntepalya,35,"{""type"":""MultiPoint"",""coordinates"":[]}"
00000000000000000001,,,1 - Nagasandra,1,"{""type"":""MultiPoint"",""coordinates"":[]}"
00000000000000000008,,,10 - Sunkadakatte,10,"{""type"":""MultiPoint"",""coordinates"":[]}"
00000000000000000045,,,2 - Chokkasandra,2,"{""type"":""MultiPoint"",""coordinates"":[]}"
0000000000000000007d,,,3 - Nelagadaranahalli,3,"{""type"":""MultiPoint"",""coordinates"":[]}"
000000000000000000b5,,,4 - Parvathi Nagar,4,"{""type"":""MultiPoint"",""coordinates"":[]}"
000000000000000000eb,,,5 - Rajeshwarinagar,5,"{""type"":""MultiPoint"",""coordinates"":[]}"
0000000000000000011b,,,6 - Shivapura,6,"{""type"":""MultiPoint"",""coordinates"":[]}"
00000000000000000142,,,7 - Rajagopala Nagara,7,"{""type"":""MultiPoint"",""coordinates"":[]}"
00000000000000000155,,,8 - Hegganahalli,8,"{""type"":""MultiPoint"",""coordinates"":[]}"
00000000000000000166,,,9 - Srigandhanagar,9,"{""type"":""MultiPoint"",""coordinates"":[]}"
000000000000000000a1,,,36 - Nalwadi Krishnaraja Wadiyar Ward,36,"{""type"":""MultiPoint"",""coordinates"":[]}"
000000000000000000a4,,,37 - Dr. Puneeth Rajkumar Ward,37,"{""type"":""MultiPoint"",""coordinates"":[]}"
000000000000000000aa,,,38 - Nandini Layout,38,"{""type"":""MultiPoint"",""coordinates"":[]}"
000000000000000000af,,,39 - Jai Maruthi Nagar,39,"{""type"":""MultiPoint"",""coordinates"":[]}"
000000000000000000b9,,,40 - Mahalakshmipuram,40,"{""type"":""MultiPoint"",""coordinates"":[]}"
000000000000000000be,,,41 - Nagapura,41,"{""type"":""MultiPoint"",""coordinates"":[]}"
000000000000000000c4,,,42 - Raja Mayura Varma Ward,42,"{""type"":""MultiPoint"",""coordinates"":[]}"
000000000000000000c9,,,43 - Kethamaranahalli,43,"{""type"":""MultiPoint"",""coordinates"":[]}"
000000000000000000cf,,,44 - Shankar Mutt,44,"{""type"":""MultiPoint"",""coordinates"":[]}"
000000000000000000d4,,,45 - Shakthi Ganapathi Nagara,45,"{""type"":""MultiPoint"",""coordinates"":[]}"
000000000000000000d6,,,46 - Kamalanagara,46,"{""type"":""MultiPoint"",""coordinates"":[]}"
000000000000000000de,,,47 - Vrishabhavathi Nagar,47,"{""type"":""MultiPoint"",""coordinates"":[]}"
0000000000000000000f,,,105 - Yediyuru,105,"{""type"":""MultiPoint"",""coordinates"":[]}"
00000000000000000010,,,106 - Devagiri Temple Ward,106,"{""type"":""MultiPoint"",""coordinates"":[]}"
00000000000000000011,,,107 - Dharmagiri Ward,107,"{""type"":""MultiPoint"",""coordinates"":[]}"
00000000000000000012,,,108 - Ganesh Mandira Ward,108,"{""type"":""MultiPoint"",""coordinates"":[]}"
00000000000000000013,,,109 - Kamakya Layout,109,"{""type"":""MultiPoint"",""coordinates"":[]}"
00000000000000000019,,,110 - Chikkalasandra,110,"{""type"":""MultiPoint"",""coordinates"":[]}"
0000000000000000001a,,,111 - Ittamadu,111,"{""type"":""MultiPoint"",""coordinates"":[]}"
0000000000000000001b,,,112 - Hosakerehalli,112,"{""type"":""MultiPoint"",""coordinates"":[]}"
00000000000000000009,,,10 - Vidyaranyapura,10,"{""type"":""MultiPoint"",""coordinates"":[]}"
00000000000000000015,,,11 - Doddabommasandra,11,"{""type"":""MultiPoint"",""coordinates"":[]}"
00000000000000000020,,,12 - Thindlu,12,"{""type"":""MultiPoint"",""coordinates"":[]}"
00000000000000000021,,,13 - Kodigehalli,13,"{""type"":""MultiPoint"",""coordinates"":[]}"
0000000000000000002a,,,14 - Rajiv Gandhi Nagar,14,"{""type"":""MultiPoint"",""coordinates"":[]}"
0000000000000000002c,,,15 - Byatarayanapura,15,"{""type"":""MultiPoint"",""coordinates"":[]}"
00000000000000000030,,,16 - Amruthahalli,16,"{""type"":""MultiPoint"",""coordinates"":[]}"
00000000000000000035,,,17 - Jakkur,17,"{""type"":""MultiPoint"",""coordinates"":[]}"
0000000000000000003c,,,18 - Kempapura,18,"{""type"":""MultiPoint"",""coordinates"":[]}"
00000000000000000043,,,19 - Thanisandra,19,"{""type"":""MultiPoint"",""coordinates"":[]}"
0000000000000000004d,,,20 - Sampigehalli,20,"{""type"":""MultiPoint"",""coordinates"":[]}"
00000000000000000050,,,21 - Kogilu,21,"{""type"":""MultiPoint"",""coordinates"":[]}"
00000000000000000156,,,8 - Singapura,8,"{""type"":""MultiPoint"",""coordinates"":[]}"
00000000000000000164,,,9 - Kuvempunagara,9,"{""type"":""MultiPoint"",""coordinates"":[]}"
000000000000000000ab,,,38 - Shampura,38,"{""type"":""MultiPoint"",""coordinates"":[]}"
000000000000000000b0,,,39 - Kaval Byrasandra,39,"{""type"":""MultiPoint"",""coordinates"":[]}"
000000000000000000ba,,,40 - Shakthi Nagar,40,"{""type"":""MultiPoint"",""coordinates"":[]}"
000000000000000000bf,,,41 - Periyar Nagar,41,"{""type"":""MultiPoint"",""coordinates"":[]}"
000000000000000000c1,,,42 - Aruna Asif Ali Ward,42,"{""type"":""MultiPoint"",""coordinates"":[]}"
000000000000000000ca,,,43 - Varalakshmi Nagar,43,"{""type"":""MultiPoint"",""coordinates"":[]}"
000000000000000000cd,,,44 - Doddanna Nagar,44,"{""type"":""MultiPoint"",""coordinates"":[]}"
000000000000000000d2,,,45 - Kushal Nagar,45,"{""type"":""MultiPoint"",""coordinates"":[]}"
000000000000000000d7,,,46 - Sagayapuram,46,"{""type"":""MultiPoint"",""coordinates"":[]}"
000000000000000000dd,,,47 - Pulakeshi Nagar,47,"{""type"":""MultiPoint"",""coordinates"":[]}"
000000000000000000e2,,,48 - S.K Garden,48,"{""type"":""MultiPoint"",""coordinates"":[]}"
00000000000000000056,,,22 - Nagavara,22,"{""type"":""MultiPoint"",""coordinates"":[]}"
00000000000000000058,,,23 - Hennur,23,"{""type"":""MultiPoint"",""coordinates"":[]}"
0000000000000000005f,,,24 - HBR Layout,24,"{""type"":""MultiPoint"",""coordinates"":[]}"
00000000000000000063,,,25 - Govindapura,25,"{""type"":""MultiPoint"",""coordinates"":[]}"
0000000000000000006a,,,26 - Samadhana Nagar,26,"{""type"":""MultiPoint"",""coordinates"":[]}"
0000000000000000006d,,,27 - K.G.Halli,27,"{""type"":""MultiPoint"",""coordinates"":[]}"
00000000000000000075,,,28 - Venkateshpuram,28,"{""type"":""MultiPoint"",""coordinates"":[]}"
0000000000000000007a,,,29 - Lingarajpura,29,"{""type"":""MultiPoint"",""coordinates"":[]}"
00000000000000000082,,,30 - Kacharakanahalli,30,"{""type"":""MultiPoint"",""coordinates"":[]}"
00000000000000000087,,,31 - Kalyan Nagar,31,"{""type"":""MultiPoint"",""coordinates"":[]}"
0000000000000000008a,,,32 - Banaswadi,32,"{""type"":""MultiPoint"",""coordinates"":[]}"
00000000000000000090,,,33 - HRBR Layout,33,"{""type"":""MultiPoint"",""coordinates"":[]}"
00000000000000000098,,,34 - Subbayanapalya,34,"{""type"":""MultiPoint"",""coordinates"":[]}"
0000000000000000009c,,,35 - Kammanahalli,35,"{""type"":""MultiPoint"",""coordinates"":[]}"
000000000000000000a0,,,36 - Maruthi Seva Nagara,36,"{""type"":""MultiPoint"",""coordinates"":[]}"
000000000000000000a5,,,37 - Jeevanahalli,37,"{""type"":""MultiPoint"",""coordinates"":[]}"
00000000000000000003,,,1 - Raja Kempegowda ward,1,"{""type"":""MultiPoint"",""coordinates"":[]}"
00000000000000000044,,,2 - Aerocity,2,"{""type"":""MultiPoint"",""coordinates"":[]}"
0000000000000000007c,,,3 - Chowdeshwari ward,3,"{""type"":""MultiPoint"",""coordinates"":[]}"
000000000000000000b4,,,4 - Nyayanga Badavane,4,"{""type"":""MultiPoint"",""coordinates"":[]}"
000000000000000000ed,,,5 - Yelahanka Satellite Town,5,"{""type"":""MultiPoint"",""coordinates"":[]}"
00000000000000000118,,,6 - Doddabettahalli,6,"{""type"":""MultiPoint"",""coordinates"":[]}"
0000000000000000013e,,,7 - Attur,7,"{""type"":""MultiPoint"",""coordinates"":[]}"
0000000000000000011d,,,60 - Jalahalli,60,"{""type"":""MultiPoint"",""coordinates"":[]}"
00000000000000000122,,,61 - HMT Ward,61,"{""type"":""MultiPoint"",""coordinates"":[]}"
00000000000000000124,,,62 - Brundavana Nagara,62,"{""type"":""MultiPoint"",""coordinates"":[]}"
00000000000000000129,,,63 - J.P PARK,63,"{""type"":""MultiPoint"",""coordinates"":[]}"
0000000000000000012e,,,64 - Yeshwanthpura,64,"{""type"":""MultiPoint"",""coordinates"":[]}"
0000000000000000012f,,,65 - Abbigere,65,"{""type"":""MultiPoint"",""coordinates"":[]}"
00000000000000000132,,,66 - Kammagondanahalli,66,"{""type"":""MultiPoint"",""coordinates"":[]}"
00000000000000000137,,,67 - Shettihalli,67,"{""type"":""MultiPoint"",""coordinates"":[]}"
00000000000000000139,,,68 - Mallasandra,68,"{""type"":""MultiPoint"",""coordinates"":[]}"
0000000000000000013c,,,69 - Bagalagunte,69,"{""type"":""MultiPoint"",""coordinates"":[]}"
00000000000000000145,,,70 - Manjunatha Nagar,70,"{""type"":""MultiPoint"",""coordinates"":[]}"
00000000000000000147,,,71 - Nele Maheshwaramma Temple Ward,71,"{""type"":""MultiPoint"",""coordinates"":[]}"
00000000000000000149,,,72 - Dasarahalli,72,"{""type"":""MultiPoint"",""coordinates"":[]}"
000000000000000000e5,,,49 - Jaya Chamarajendra Nagara,49,"{""type"":""MultiPoint"",""coordinates"":[]}"
000000000000000000ee,,,50 - Dinnur,50,"{""type"":""MultiPoint"",""coordinates"":[]}"
000000000000000000f3,,,51 - Manorayanapalya,51,"{""type"":""MultiPoint"",""coordinates"":[]}"
000000000000000000fa,,,52 - Vishwanatha Nagenahalli,52,"{""type"":""MultiPoint"",""coordinates"":[]}"
000000000000000000fd,,,53 - R.T Nagar,53,"{""type"":""MultiPoint"",""coordinates"":[]}"
00000000000000000100,,,54 - Gangenahalli,54,"{""type"":""MultiPoint"",""coordinates"":[]}"
00000000000000000104,,,55 - Ganganagar,55,"{""type"":""MultiPoint"",""coordinates"":[]}"
0000000000000000010a,,,56 - Hebbal,56,"{""type"":""MultiPoint"",""coordinates"":[]}"
0000000000000000010b,,,57 - Bhoopasandra,57,"{""type"":""MultiPoint"",""coordinates"":[]}"
00000000000000000112,,,58 - Nagashettyhalli,58,"{""type"":""MultiPoint"",""coordinates"":[]}"
00000000000000000114,,,59 - Geddalahalli,59,"{""type"":""MultiPoint"",""coordinates"":[]}"
