id,Corporation,corporation_kn,corporation_id,ac,ac_kn,ac_no,Assembly,ward_id,ward_name,ward_name_kn,Ward_Name,TOT_P,TOT_M,TOT_F,SC_P,SC_M,SC_F,ST_P,ST_M,ST_F,low_range,high_range,RO_Code,RO_Division,ARO_Code,ARO_ Sub Division,zone,zone_name
ward_369_final.39,East,ಪೂರ್ವ,3,K.R. Pura,ಕೆ.ಆರ್. ಪುರ,151,151 - K.R. Pura,1,K Narayanapura,ಕೆ ನಾರಾಯಣಪುರ,1 - K Narayanapura,15003.0,7804.0,7199.0,1413.0,729.0,684.0,316.0,170.0,146.0,14567,21851,1,RO- Horamavu,2,ARO- Horamavu,Zone2,K.R. Pura
ward_369_final.343,West,ಪಶ್ಚಿಮ,5,Dasarahalli,ದಾಸರಹಳ್ಳಿ,155,155 - Dasarahalli,1,Nagasandra,ನಾಗಸಂದ್ರ,1 - Nagasandra,24974.0,13670.0,11304.0,1743.0,953.0,790.0,817.0,456.0,361.0,18949,28424,2,RO- Hegganahalli,6,ARO- Nagasandra,Zone1,Rajarajeshwarinagar
ward_369_final.42,South,ದಕ್ಷಿಣ,4,Padmanabanagar,ಪದ್ಮನಾಭನಗರ,171,171 - Padmanabanagar,1,Padmanabhanagara,ಪದ್ಮನಾಭನಗರ,1 - Padmanabhanagara,23419.0,11781.0,11638.0,343.0,170.0,173.0,117.0,65.0,52.0,18594,27891,11,RO- Padmanabhanagara,29,ARO- Padmanabhanagara,Zone1,Jayanagar
ward_369_final.94,North,ಉತ್ತರ,2,Yelahanka,ಯಲಹಂಕ,150,150 - Yelahanka,1,Raja Kempegowda ward,ರಾಜ ಕೆಂಪೇಗೌಡ ವಾರ್ಡ್,1 - Raja Kempegowda ward,21561.0,11217.0,10344.0,2143.0,1080.0,1063.0,681.0,327.0,353.0,19943,29914,11,RO- Yelahanka,29,ARO- Yelahanka Old Town,Zone2,Yelahanka
ward_369_final.264,Central,ಕೇಂದ್ರ,1,Shivajinagar,ಶಿವಾಜಿನಗರ,162,162 - Shivajinagar,1,Ramaswamy Palya,ರಾಮಸ್ವಾಮಿ ಪಾಳ್ಯ,1 - Ramaswamy Palya,26124.0,13164.0,12960.0,3426.0,1697.0,1729.0,235.0,127.0,107.0,18853,28280,7,RO- Shivajinagar,23,ARO- Shivajinagar,Zone2,Gandhinagara
ward_369_final.35,South,ದಕ್ಷಿಣ,4,Jayanagar,ಜಯನಗರ,173,173 - Jayanagar,10,Abdul Kalam Nagar,ಅಬ್ದುಲ್ ಕಲಾಂ ನಗರ,10 - Abdul Kalam Nagar,23124.0,11865.0,11259.0,1506.0,768.0,738.0,217.0,104.0,114.0,18594,27891,9,RO- Jayanagar,25,ARO- NAL Layout,Zone1,Jayanagar
ward_369_final.83,East,ಪೂರ್ವ,3,K.R. Pura,ಕೆ.ಆರ್. ಪುರ,151,151 - K.R. Pura,10,Basavanapura,ಬಸವನಪುರ,10 - Basavanapura,16224.0,8392.0,7833.0,3028.0,1509.0,1520.0,394.0,223.0,172.0,14567,21851,2,RO- KR Pura,4,ARO- Basavanapura,Zone2,K.R. Pura
ward_369_final.161,Central,ಕೇಂದ್ರ,1,C.V. Raman Nagar,ಸಿ.ವಿ. ರಾಮನ್ ನಗರ,161,161 - C.V. Raman Nagar,10,Cox Town,ಕಾಕ್ಸ್ ಟೌನ್,10 - Cox Town,21026.0,10550.0,10477.0,6341.0,3203.0,3137.0,177.0,90.0,87.0,18853,28280,1,RO- Indiranagar,1,ARO- Indiranagar,Zone1,C.V. Raman Nagar
ward_369_final.313,West,ಪಶ್ಚಿಮ,5,Dasarahalli,ದಾಸರಹಳ್ಳಿ,155,155 - Dasarahalli,10,Sunkadakatte,ಸುಂಕದಕಟ್ಟೆ,10 - Sunkadakatte,23123.0,12440.0,10683.0,1177.0,640.0,538.0,393.0,223.0,170.0,18949,28424,2,RO- Hegganahalli,8,ARO- Sunkadakatte,Zone1,Rajarajeshwarinagar
ward_369_final.152,North,ಉತ್ತರ,2,Byatarayanapura,ಬ್ಯಾಟರಾಯನಪುರ,152,152 - Byatarayanapura,10,Vidyaranyapura,ವಿದ್ಯಾರಣ್ಯಪುರ,10 - Vidyaranyapura,24887.0,12633.0,12254.0,1818.0,935.0,883.0,337.0,178.0,158.0,19943,29914,1,RO- Bytarayanapura,3,ARO- Vidyaranyapura,Zone1,Byatarayanapura
ward_369_final.323,West,ಪಶ್ಚಿಮ,5,Basavanagudi,ಬಸವನಗುಡಿ,170,170 - Basavanagudi,100,Srinagar,ಶ್ರೀನಗರ,100 - Srinagar,19229.0,9979.0,9250.0,515.0,253.0,262.0,653.0,324.0,329.0,18949,28424,1,RO- Basavanagudi,3,ARO- Srinagar,Zone2,Malleshwaram
ward_369_final.332,West,ಪಶ್ಚಿಮ,5,Basavanagudi,ಬಸವನಗುಡಿ,170,170 - Basavanagudi,101,Kempambudhi Ward,ಕೆಂಪಾಂಬುಧಿ ವಾರ್ಡ್,101 - Kempambudhi Ward,19310.0,9996.0,9314.0,986.0,509.0,477.0,401.0,198.0,203.0,18949,28424,1,RO- Basavanagudi,3,ARO- Srinagar,Zone2,Malleshwaram
ward_369_final.186,West,ಪಶ್ಚಿಮ,5,Basavanagudi,ಬಸವನಗುಡಿ,170,170 - Basavanagudi,102,Hanumanthanagar,ಹನುಮಂತನಗರ,102 - Hanumanthanagar,24583.0,12375.0,12208.0,255.0,131.0,124.0,221.0,110.0,112.0,18949,28424,1,RO- Basavanagudi,1,ARO- Hanumanthanagar,Zone2,Malleshwaram
ward_369_final.328,West,ಪಶ್ಚಿಮ,5,Basavanagudi,ಬಸವನಗುಡಿ,170,170 - Basavanagudi,103,N.R Colony,ಎನ್.ಆರ್. ಕಾಲೋನಿ,103 - N.R Colony,27603.0,13746.0,13857.0,453.0,235.0,217.0,290.0,134.0,156.0,18949,28424,1,RO- Basavanagudi,4,ARO- Srinivasa Nagara,Zone2,Malleshwaram
ward_369_final.329,West,ಪಶ್ಚಿಮ,5,Basavanagudi,ಬಸವನಗುಡಿ,170,170 - Basavanagudi,104,Thyagarajnagar,ತ್ಯಾಗರಾಜನಗರ,104 - Thyagarajnagar,21082.0,10786.0,10296.0,2542.0,1275.0,1267.0,661.0,327.0,334.0,18949,28424,1,RO- Basavanagudi,4,ARO- Srinivasa Nagara,Zone2,Malleshwaram
ward_369_final.330,West,ಪಶ್ಚಿಮ,5,Padmanabanagar,ಪದ್ಮನಾಭನಗರ,171,171 - Padmanabanagar,105,Yediyuru,ಯಡಿಯೂರು,105 - Yediyuru,23023.0,11598.0,11425.0,574.0,297.0,277.0,411.0,191.0,220.0,18949,28424,7,RO- Yediyuru,25,ARO- Yediyuru,Zone1,Rajarajeshwarinagar
ward_369_final.336,West,ಪಶ್ಚಿಮ,5,Padmanabanagar,ಪದ್ಮನಾಭನಗರ,171,171 - Padmanabanagar,106,Devagiri Temple Ward,ದೇವಗಿರಿ ದೇವಸ್ಥಾನ ವಾರ್ಡ್,106 - Devagiri Temple Ward,19352.0,9698.0,9654.0,1603.0,790.0,813.0,323.0,163.0,160.0,18949,28424,7,RO- Yediyuru,25,ARO- Yediyuru,Zone1,Rajarajeshwarinagar
ward_369_final.218,West,ಪಶ್ಚಿಮ,5,Padmanabanagar,ಪದ್ಮನಾಭನಗರ,171,171 - Padmanabanagar,107,Dharmagiri Ward,ಧರ್ಮಗಿರಿ ವಾರ್ಡ್,107 - Dharmagiri Ward,19154.0,9705.0,9448.0,1319.0,658.0,661.0,266.0,141.0,125.0,18949,28424,7,RO- Yediyuru,23,ARO- Ganesh Mandir,Zone1,Rajarajeshwarinagar
ward_369_final.337,West,ಪಶ್ಚಿಮ,5,Padmanabanagar,ಪದ್ಮನಾಭನಗರ,171,171 - Padmanabanagar,108,Ganesh Mandira Ward,ಗಣೇಶ್ ಮಂದಿರಾ ವಾರ್ಡ್,108 - Ganesh Mandira Ward,24265.0,12133.0,12133.0,774.0,396.0,378.0,247.0,127.0,120.0,18949,28424,7,RO- Yediyuru,23,ARO- Ganesh Mandir,Zone1,Rajarajeshwarinagar
ward_369_final.334,West,ಪಶ್ಚಿಮ,5,Padmanabanagar,ಪದ್ಮನಾಭನಗರ,171,171 - Padmanabanagar,109,Kamakya Layout,ಕಾಮಕ್ಯ ಲೇಔಟ್,109 - Kamakya Layout,28151.0,14174.0,13977.0,544.0,283.0,261.0,307.0,162.0,145.0,18949,28424,7,RO- Yediyuru,23,ARO- Ganesh Mandir,Zone1,Rajarajeshwarinagar
ward_369_final.320,West,ಪಶ್ಚಿಮ,5,Yeshwanthapura,ಯಶವಂತಪುರ,153,153 - Yeshwanthapura,11,Dodda Bidarakallu,ದೊಡ್ಡ ಬಿದರಕಲ್ಲು,11 - Dodda Bidarakallu,25777.0,13763.0,12015.0,1543.0,800.0,743.0,1074.0,568.0,507.0,18949,28424,14,RO- Herohalli,41,ARO- Dodda Bidarakallu,Zone1,Rajarajeshwarinagar
ward_369_final.195,North,ಉತ್ತರ,2,Byatarayanapura,ಬ್ಯಾಟರಾಯನಪುರ,152,152 - Byatarayanapura,11,Doddabommasandra,ದೊಡ್ಡಬೊಮ್ಮಸಂದ್ರ,11 - Doddabommasandra,25941.0,13423.0,12518.0,3007.0,1545.0,1462.0,473.0,259.0,214.0,19943,29914,1,RO- Bytarayanapura,2,ARO- Kodigehalli,Zone1,Byatarayanapura
ward_369_final.88,South,ದಕ್ಷಿಣ,4,Jayanagar,ಜಯನಗರ,173,173 - Jayanagar,11,Jayanagar East,ಜಯನಗರ ಪೂರ್ವ,11 - Jayanagar East,22697.0,11806.0,10891.0,2874.0,1414.0,1460.0,325.0,177.0,148.0,18594,27891,9,RO- Jayanagar,24,ARO- Jayanagar,Zone1,Jayanagar
ward_369_final.36,East,ಪೂರ್ವ,3,K.R. Pura,ಕೆ.ಆರ್. ಪುರ,151,151 - K.R. Pura,11,Krishnanagar,ಕೃಷ್ಣನಗರ,11 - Krishnanagar,16000.0,8256.0,7744.0,2548.0,1313.0,1235.0,284.0,149.0,135.0,14567,21851,2,RO- KR Pura,4,ARO- Basavanapura,Zone2,K.R. Pura
ward_369_final.67,Central,ಕೇಂದ್ರ,1,C.V. Raman Nagar,ಸಿ.ವಿ. ರಾಮನ್ ನಗರ,161,161 - C.V. Raman Nagar,11,Old Baiyappanahalli,ಹಳೆ ಬೈಯಪ್ಪನಹಳ್ಳಿ,11 - Old Baiyappanahalli,18858.0,9572.0,9126.0,9696.0,4922.0,4775.0,336.0,179.0,157.0,18853,28280,1,RO- Indiranagar,2,ARO- Kasturi Nagar,Zone1,C.V. Raman Nagar
ward_369_final.335,West,ಪಶ್ಚಿಮ,5,Padmanabanagar,ಪದ್ಮನಾಭನಗರ,171,171 - Padmanabanagar,110,Chikkalasandra,ಚಿಕ್ಕಲ್ಲಸಂದ್ರ,110 - Chikkalasandra,20242.0,10663.0,9579.0,315.0,175.0,140.0,161.0,95.0,66.0,18949,28424,7,RO- Yediyuru,24,ARO- Hosakerehalli,Zone1,Rajarajeshwarinagar
ward_369_final.333,West,ಪಶ್ಚಿಮ,5,Padmanabanagar,ಪದ್ಮನಾಭನಗರ,171,171 - Padmanabanagar,111,Ittamadu,ಇಟ್ಟಮಡು,111 - Ittamadu,19028.0,9971.0,9056.0,1010.0,523.0,488.0,144.0,70.0,74.0,18949,28424,7,RO- Yediyuru,24,ARO- Hosakerehalli,Zone1,Rajarajeshwarinagar
ward_369_final.321,West,ಪಶ್ಚಿಮ,5,Padmanabanagar,ಪದ್ಮನಾಭನಗರ,171,171 - Padmanabanagar,112,Hosakerehalli,ಹೊಸಕೆರೆಹಳ್ಳಿ,112 - Hosakerehalli,23619.0,13044.0,10575.0,815.0,434.0,381.0,352.0,180.0,172.0,18949,28424,7,RO- Yediyuru,24,ARO- Hosakerehalli,Zone1,Rajarajeshwarinagar
ward_369_final.310,West,ಪಶ್ಚಿಮ,5,Yeshwanthapura,ಯಶವಂತಪುರ,153,153 - Yeshwanthapura,12,Andrahalli,ಅಂದ್ರಹಳ್ಳಿ,12 - Andrahalli,27694.0,14627.0,13066.0,3057.0,1565.0,1492.0,1748.0,894.0,853.0,18949,28424,14,RO- Herohalli,41,ARO- Dodda Bidarakallu,Zone1,Rajarajeshwarinagar
ward_369_final.240,East,ಪೂರ್ವ,3,K.R. Pura,ಕೆ.ಆರ್. ಪುರ,151,151 - K.R. Pura,12,Devasandra,ದೇವಸಂದ್ರ,12 - Devasandra,14990.0,7854.0,7136.0,1626.0,843.0,783.0,325.0,163.0,161.0,14567,21851,2,RO- KR Pura,4,ARO- Basavanapura,Zone2,K.R. Pura
ward_369_final.81,Central,ಕೇಂದ್ರ,1,C.V. Raman Nagar,ಸಿ.ವಿ. ರಾಮನ್ ನಗರ,161,161 - C.V. Raman Nagar,12,Kasturi Nagar,ಕಸ್ತೂರಿ ನಗರ,12 - Kasturi Nagar,19331.0,10078.0,9313.0,2175.0,1083.0,1092.0,273.0,149.0,124.0,18853,28280,1,RO- Indiranagar,2,ARO- Kasturi Nagar,Zone1,C.V. Raman Nagar
ward_369_final.117,South,ದಕ್ಷಿಣ,4,Jayanagar,ಜಯನಗರ,173,173 - Jayanagar,12,Pattabhirama Nagara,ಪಟ್ಟಾಭಿರಾಮ ನಗರ,12 - Pattabhirama Nagara,22547.0,11236.0,11311.0,634.0,331.0,302.0,107.0,53.0,54.0,18594,27891,9,RO- Jayanagar,24,ARO- Jayanagar,Zone1,Jayanagar
ward_369_final.182,North,ಉತ್ತರ,2,Byatarayanapura,ಬ್ಯಾಟರಾಯನಪುರ,152,152 - Byatarayanapura,12,Thindlu,ತಿಂಡ್ಲು,12 - Thindlu,24289.0,12524.0,11765.0,2074.0,1065.0,1008.0,735.0,374.0,360.0,19943,29914,1,RO- Bytarayanapura,2,ARO- Kodigehalli,Zone1,Byatarayanapura
ward_369_final.125,North,ಉತ್ತರ,2,Byatarayanapura,ಬ್ಯಾಟರಾಯನಪುರ,152,152 - Byatarayanapura,13,Kodigehalli,ಕೊಡಿಗೆಹಳ್ಳಿ,13 - Kodigehalli,28244.0,14946.0,13298.0,3414.0,1733.0,1681.0,649.0,351.0,297.0,19943,29914,1,RO- Bytarayanapura,2,ARO- Kodigehalli,Zone1,Byatarayanapura
ward_369_final.41,Central,ಕೇಂದ್ರ,1,C.V. Raman Nagar,ಸಿ.ವಿ. ರಾಮನ್ ನಗರ,161,161 - C.V. Raman Nagar,13,Krishnaiahnapalya,ಕೃಷ್ಣಯ್ಯನ ಪಾಳ್ಯ,13 - Krishnaiahnapalya,19302.0,10744.0,8558.0,3104.0,1576.0,1528.0,706.0,386.0,319.0,18853,28280,1,RO- Indiranagar,2,ARO- Kasturi Nagar,Zone1,C.V. Raman Nagar
ward_369_final.30,South,ದಕ್ಷಿಣ,4,Jayanagar,ಜಯನಗರ,173,173 - Jayanagar,13,Marenahalli South,ಮಾರೇನಹಳ್ಳಿ ದಕ್ಷಿಣ,13 - Marenahalli South,23458.0,12151.0,11307.0,4326.0,2147.0,2178.0,407.0,202.0,204.0,18594,27891,10,RO- JP Nagar,26,ARO- JP Nagar,Zone1,Jayanagar
ward_369_final.301,West,ಪಶ್ಚಿಮ,5,Yeshwanthapura,ಯಶವಂತಪುರ,153,153 - Yeshwanthapura,13,Nada prabhu Kempegowda Nagara,ನಾಡ ಪ್ರಭು ಕೆಂಪೇಗೌಡ ನಗರ,13 - Nada prabhu Kempegowda Nagara,27225.0,14293.0,12912.0,2169.0,1109.0,1060.0,711.0,370.0,342.0,18949,28424,14,RO- Herohalli,41,ARO- Dodda Bidarakallu,Zone1,Rajarajeshwarinagar
ward_369_final.236,East,ಪೂರ್ವ,3,K.R. Pura,ಕೆ.ಆರ್. ಪುರ,151,151 - K.R. Pura,13,Rajarajeshwari Temple ward,ರಾಜರಾಜೇಶ್ವರಿ ದೇವಸ್ಥಾನ ವಾರ್ಡ್,13 - Rajarajeshwari Temple ward,17539.0,9390.0,8149.0,1608.0,857.0,751.0,438.0,247.0,190.0,14567,21851,2,RO- KR Pura,6,ARO- KR Pura,Zone2,K.R. Pura
ward_369_final.277,West,ಪಶ್ಚಿಮ,5,Yeshwanthapura,ಯಶವಂತಪುರ,153,153 - Yeshwanthapura,14,Herohalli,ಹೆರೋಹಳ್ಳಿ,14 - Herohalli,28413.0,15013.0,13419.0,2192.0,1099.0,1094.0,490.0,258.0,232.0,18949,28424,14,RO- Herohalli,42,ARO- Herohalli,Zone1,Rajarajeshwarinagar
ward_369_final.95,South,ದಕ್ಷಿಣ,4,Jayanagar,ಜಯನಗರ,173,173 - Jayanagar,14,J.P Nagar,ಜೆ.ಪಿ. ನಗರ,14 - J.P Nagar,22264.0,11250.0,11015.0,1995.0,966.0,1029.0,173.0,89.0,84.0,18594,27891,10,RO- JP Nagar,26,ARO- JP Nagar,Zone1,Jayanagar
ward_369_final.14,East,ಪೂರ್ವ,3,K.R. Pura,ಕೆ.ಆರ್. ಪುರ,151,151 - K.R. Pura,14,K.R Pura,ಕೆ ಆರ್ ಪುರ,14 - K.R Pura,14930.0,7717.0,7213.0,1560.0,794.0,766.0,351.0,194.0,157.0,14567,21851,2,RO- KR Pura,6,ARO- KR Pura,Zone2,K.R. Pura
ward_369_final.262,Central,ಕೇಂದ್ರ,1,C.V. Raman Nagar,ಸಿ.ವಿ. ರಾಮನ್ ನಗರ,161,161 - C.V. Raman Nagar,14,Nagavarapalya,ನಾಗವಾರಪಾಳ್ಯ,14 - Nagavarapalya,24875.0,13128.0,11747.0,2996.0,1537.0,1459.0,452.0,238.0,214.0,18853,28280,2,RO- Jeevan Bhimanagar,4,ARO- Kaggadasapura,Zone1,C.V. Raman Nagar
ward_369_final.146,North,ಉತ್ತರ,2,Byatarayanapura,ಬ್ಯಾಟರಾಯನಪುರ,152,152 - Byatarayanapura,14,Rajiv Gandhi Nagar,ರಾಜೀವ್ ಗಾಂಧಿ ನಗರ,14 - Rajiv Gandhi Nagar,20148.0,10579.0,9569.0,2101.0,1086.0,1015.0,751.0,373.0,378.0,19943,29914,1,RO- Bytarayanapura,1,ARO- Bytarayanapura,Zone1,Byatarayanapura
ward_369_final.255,West,ಪಶ್ಚಿಮ,5,Yeshwanthapura,ಯಶವಂತಪುರ,153,153 - Yeshwanthapura,15,Byadarahalli,ಬ್ಯಾಡರಹಳ್ಳಿ,15 - Byadarahalli,22784.0,12186.0,10598.0,1045.0,532.0,513.0,943.0,488.0,455.0,18949,28424,14,RO- Herohalli,42,ARO- Herohalli,Zone1,Rajarajeshwarinagar
ward_369_final.137,North,ಉತ್ತರ,2,Byatarayanapura,ಬ್ಯಾಟರಾಯನಪುರ,152,152 - Byatarayanapura,15,Byatarayanapura,ಬ್ಯಾಟರಾಯನಪುರ,15 - Byatarayanapura,28870.0,14792.0,14079.0,1719.0,907.0,813.0,961.0,506.0,456.0,19943,29914,1,RO- Bytarayanapura,1,ARO- Bytarayanapura,Zone1,Byatarayanapura
ward_369_final.293,Central,ಕೇಂದ್ರ,1,C.V. Raman Nagar,ಸಿ.ವಿ. ರಾಮನ್ ನಗರ,161,161 - C.V. Raman Nagar,15,Indiranagar,ಇಂದಿರಾನಗರ,15 - Indiranagar,19324.0,9711.0,9613.0,3803.0,1930.0,1873.0,224.0,115.0,109.0,18853,28280,1,RO- Indiranagar,1,ARO- Indiranagar,Zone1,C.V. Raman Nagar
ward_369_final.17,East,ಪೂರ್ವ,3,K.R. Pura,ಕೆ.ಆರ್. ಪುರ,151,151 - K.R. Pura,15,Ramamurthy Nagara,ರಾಮಮೂರ್ತಿ ನಗರ,15 - Ramamurthy Nagara,17257.0,8738.0,8519.0,4017.0,1988.0,2029.0,354.0,193.0,161.0,14567,21851,3,RO- Ramamurthy Nagara,8,ARO- Ramamurthy Nagara,Zone2,K.R. Pura
ward_369_final.74,South,ದಕ್ಷಿಣ,4,Jayanagar,ಜಯನಗರ,173,173 - Jayanagar,15,Shakambarinagara,ಶಾಕಂಭರಿನಗರ,15 - Shakambarinagara,25845.0,13244.0,12600.0,1060.0,532.0,527.0,211.0,102.0,109.0,18594,27891,10,RO- JP Nagar,27,ARO- Sarakki,Zone1,Jayanagar
ward_369_final.132,North,ಉತ್ತರ,2,Byatarayanapura,ಬ್ಯಾಟರಾಯನಪುರ,152,152 - Byatarayanapura,16,Amruthahalli,ಅಮೃತಹಳ್ಳಿ,16 - Amruthahalli,21732.0,11520.0,10213.0,2296.0,1168.0,1128.0,967.0,513.0,454.0,19943,29914,2,RO- Thanisandra,4,ARO- Jakkur,Zone1,Byatarayanapura
ward_369_final.9,East,ಪೂರ್ವ,3,K.R. Pura,ಕೆ.ಆರ್. ಪುರ,151,151 - K.R. Pura,16,Kotthur,ಕೊತ್ತೂರು,16 - Kotthur,14653.0,7508.0,7145.0,3084.0,1565.0,1519.0,243.0,121.0,122.0,14567,21851,3,RO- Ramamurthy Nagara,8,ARO- Ramamurthy Nagara,Zone2,K.R. Pura
ward_369_final.303,Central,ಕೇಂದ್ರ,1,C.V. Raman Nagar,ಸಿ.ವಿ. ರಾಮನ್ ನಗರ,161,161 - C.V. Raman Nagar,16,New Thippasandra,ನ್ಯೂ ತಿಪ್ಪಸಂದ್ರ,16 - New Thippasandra,27969.0,14607.0,13361.0,3183.0,1633.0,1550.0,560.0,293.0,267.0,18853,28280,2,RO- Jeevan Bhimanagar,3,ARO- Jeevan Bhimanagar,Zone1,C.V. Raman Nagar
ward_369_final.209,South,ದಕ್ಷಿಣ,4,Jayanagar,ಜಯನಗರ,173,173 - Jayanagar,16,Sarakki,ಸಾರಕ್ಕಿ,16 - Sarakki,23257.0,11949.0,11308.0,1315.0,643.0,672.0,495.0,260.0,235.0,18594,27891,10,RO- JP Nagar,27,ARO- Sarakki,Zone1,Jayanagar
ward_369_final.308,West,ಪಶ್ಚಿಮ,5,Yeshwanthapura,ಯಶವಂತಪುರ,153,153 - Yeshwanthapura,16,Ullal,ಉಳ್ಳಾಲ,16 - Ullal,22549.0,11535.0,11014.0,3331.0,1662.0,1670.0,439.0,224.0,215.0,18949,28424,15,RO- Kengeri,45,ARO- Ullal,Zone1,Rajarajeshwarinagar
ward_369_final.188,North,ಉತ್ತರ,2,Byatarayanapura,ಬ್ಯಾಟರಾಯನಪುರ,152,152 - Byatarayanapura,17,Jakkur,ಜಕ್ಕೂರು,17 - Jakkur,28519.0,14972.0,13547.0,3437.0,1712.0,1725.0,797.0,456.0,341.0,19943,29914,2,RO- Thanisandra,4,ARO- Jakkur,Zone1,Byatarayanapura
ward_369_final.68,Central,ಕೇಂದ್ರ,1,C.V. Raman Nagar,ಸಿ.ವಿ. ರಾಮನ್ ನಗರ,161,161 - C.V. Raman Nagar,17,Kaggadasapura,ಕಗ್ಗದಾಸಪುರ,17 - Kaggadasapura,20794.0,10675.0,10119.0,983.0,492.0,491.0,324.0,159.0,165.0,18853,28280,2,RO- Jeevan Bhimanagar,4,ARO- Kaggadasapura,Zone1,C.V. Raman Nagar
ward_369_final.121,South,ದಕ್ಷಿಣ,4,B.T.M Layout,ಬಿ.ಟಿ.ಎಂ. ಲೇಔಟ್,172,172 - B.T.M Layout,17,N.S Palya,ಎನ್.ಎಸ್. ಪಾಳ್ಯ,17 - N.S Palya,26701.0,14888.0,11813.0,2487.0,1276.0,1210.0,467.0,233.0,234.0,18594,27891,2,RO- B.T.M Layout,3,ARO- New Tavarekere,Zone2,Bommanahalli
ward_369_final.327,West,ಪಶ್ಚಿಮ,5,Yeshwanthapura,ಯಶವಂತಪುರ,153,153 - Yeshwanthapura,17,Nagadevanahalli,ನಾಗದೇವನಹಳ್ಳಿ,17 - Nagadevanahalli,23269.0,12102.0,11167.0,2569.0,1353.0,1216.0,324.0,172.0,152.0,18949,28424,15,RO- Kengeri,45,ARO- Ullal,Zone1,Rajarajeshwarinagar
ward_369_final.250,East,ಪೂರ್ವ,3,K.R. Pura,ಕೆ.ಆರ್. ಪುರ,151,151 - K.R. Pura,17,Vijinapura,ವಿಜಿನಾಪುರ,17 - Vijinapura,15133.0,7757.0,7376.0,5158.0,2640.0,2519.0,204.0,94.0,110.0,14567,21851,3,RO- Ramamurthy Nagara,9,ARO- Vijinapura,Zone2,K.R. Pura
ward_369_final.206,East,ಪೂರ್ವ,3,K.R. Pura,ಕೆ.ಆರ್. ಪುರ,151,151 - K.R. Pura,18,Dooravaninagar,ದೂರವಾಣಿನಗರ,18 - Dooravaninagar,14677.0,7550.0,7128.0,2377.0,1200.0,1177.0,267.0,138.0,129.0,14567,21851,3,RO- Ramamurthy Nagara,8,ARO- Ramamurthy Nagara,Zone2,K.R. Pura
ward_369_final.296,Central,ಕೇಂದ್ರ,1,C.V. Raman Nagar,ಸಿ.ವಿ. ರಾಮನ್ ನಗರ,161,161 - C.V. Raman Nagar,18,G.M Palya,ಜಿ.ಎಂ. ಪಾಳ್ಯ,18 - G.M Palya,20579.0,10695.0,9884.0,1024.0,534.0,490.0,277.0,139.0,138.0,18853,28280,2,RO- Jeevan Bhimanagar,4,ARO- Kaggadasapura,Zone1,C.V. Raman Nagar
ward_369_final.176,North,ಉತ್ತರ,2,Byatarayanapura,ಬ್ಯಾಟರಾಯನಪುರ,152,152 - Byatarayanapura,18,Kempapura,ಕೆಂಪಾಪುರ,18 - Kempapura,28936.0,15396.0,13540.0,2346.0,1197.0,1149.0,554.0,290.0,264.0,19943,29914,2,RO- Thanisandra,6,ARO- Thanisandra,Zone1,Byatarayanapura
ward_369_final.297,West,ಪಶ್ಚಿಮ,5,Yeshwanthapura,ಯಶವಂತಪುರ,153,153 - Yeshwanthapura,18,Kengal Hanumanthaiah West,ಕೆಂಗಲ್ ಹನುಮಂತಯ್ಯ ಪಶ್ಚಿಮ,18 - Kengal Hanumanthaiah West,21223.0,10855.0,10368.0,1960.0,982.0,978.0,754.0,386.0,368.0,18949,28424,15,RO- Kengeri,43,ARO- Hemmigepura,Zone1,Rajarajeshwarinagar
ward_369_final.99,South,ದಕ್ಷಿಣ,4,B.T.M Layout,ಬಿ.ಟಿ.ಎಂ. ಲೇಔಟ್,172,172 - B.T.M Layout,18,Viswamanava Kuvempu Ward,ವಿಶ್ವಮಾನವ ಕುವೆಂಪು ವಾರ್ಡ್,18 - Viswamanava Kuvempu Ward,25500.0,13023.0,12477.0,1408.0,678.0,731.0,177.0,90.0,87.0,18594,27891,2,RO- B.T.M Layout,3,ARO- New Tavarekere,Zone2,Bommanahalli
ward_369_final.210,Central,ಕೇಂದ್ರ,1,C.V. Raman Nagar,ಸಿ.ವಿ. ರಾಮನ್ ನಗರ,161,161 - C.V. Raman Nagar,19,Jeevan Bhimanagar,ಜೀವನ್ ಭೀಮನಗರ,19 - Jeevan Bhimanagar,27299.0,13789.0,13510.0,6352.0,3174.0,3178.0,463.0,233.0,230.0,18853,28280,2,RO- Jeevan Bhimanagar,3,ARO- Jeevan Bhimanagar,Zone1,C.V. Raman Nagar
ward_369_final.73,East,ಪೂರ್ವ,3,K.R. Pura,ಕೆ.ಆರ್. ಪುರ,151,151 - K.R. Pura,19,K.S. Nissar Ahmed Ward,ಕೆ. ಎಸ್. ನಿಸಾರ್ ಅಹಮದ್ ವಾರ್ಡ್,19 - K.S. Nissar Ahmed Ward,15446.0,8081.0,7365.0,1543.0,785.0,757.0,285.0,146.0,139.0,14567,21851,3,RO- Ramamurthy Nagara,9,ARO- Vijinapura,Zone2,K.R. Pura
ward_369_final.104,South,ದಕ್ಷಿಣ,4,B.T.M Layout,ಬಿ.ಟಿ.ಎಂ. ಲೇಔಟ್,172,172 - B.T.M Layout,19,New Tavarekere,ಹೊಸ ತಾವರೆಕೆರೆ,19 - New Tavarekere,19251.0,10723.0,8528.0,1357.0,714.0,643.0,538.0,274.0,264.0,18594,27891,2,RO- B.T.M Layout,3,ARO- New Tavarekere,Zone2,Bommanahalli
ward_369_final.294,West,ಪಶ್ಚಿಮ,5,Yeshwanthapura,ಯಶವಂತಪುರ,153,153 - Yeshwanthapura,19,Shivanapalya,ಶಿವನಪಾಳ್ಯ,19 - Shivanapalya,21903.0,11495.0,10408.0,2237.0,1156.0,1081.0,436.0,232.0,204.0,18949,28424,15,RO- Kengeri,44,ARO- Kengeri,Zone1,Rajarajeshwarinagar
ward_369_final.187,North,ಉತ್ತರ,2,Byatarayanapura,ಬ್ಯಾಟರಾಯನಪುರ,152,152 - Byatarayanapura,19,Thanisandra,ಥಣಿಸಂದ್ರ,19 - Thanisandra,28159.0,14879.0,13281.0,1770.0,905.0,866.0,816.0,419.0,397.0,19943,29914,2,RO- Thanisandra,6,ARO- Thanisandra,Zone1,Byatarayanapura
ward_369_final.2,North,ಉತ್ತರ,2,Yelahanka,ಯಲಹಂಕ,150,150 - Yelahanka,2,Aerocity,ಏರೋಸಿಟಿ,2 - Aerocity,20655.0,10844.0,9810.0,1636.0,846.0,790.0,563.0,292.0,270.0,19943,29914,11,RO- Yelahanka,29,ARO- Yelahanka Old Town,Zone2,Yelahanka
ward_369_final.316,West,ಪಶ್ಚಿಮ,5,Dasarahalli,ದಾಸರಹಳ್ಳಿ,155,155 - Dasarahalli,2,Chokkasandra,ಚೊಕ್ಕಸಂದ್ರ,2 - Chokkasandra,27117.0,15167.0,11949.0,1593.0,837.0,756.0,699.0,390.0,310.0,18949,28424,2,RO- Hegganahalli,6,ARO- Nagasandra,Zone1,Rajarajeshwarinagar
ward_369_final.32,East,ಪೂರ್ವ,3,K.R. Pura,ಕೆ.ಆರ್. ಪುರ,151,151 - K.R. Pura,2,Horamavu,ಹೊರಮಾವು,2 - Horamavu,14756.0,7729.0,7027.0,2123.0,1065.0,1058.0,207.0,126.0,81.0,14567,21851,1,RO- Horamavu,2,ARO- Horamavu,Zone2,K.R. Pura
ward_369_final.306,Central,ಕೇಂದ್ರ,1,Shivajinagar,ಶಿವಾಜಿನಗರ,162,162 - Shivajinagar,2,Jayamahal,ಜಯಮಹಲ್,2 - Jayamahal,25834.0,12803.0,12981.0,7101.0,3525.0,3575.0,243.0,133.0,111.0,18853,28280,7,RO- Shivajinagar,23,ARO- Shivajinagar,Zone2,Gandhinagara
ward_369_final.21,South,ದಕ್ಷಿಣ,4,Padmanabanagar,ಪದ್ಮನಾಭನಗರ,171,171 - Padmanabanagar,2,Kadirenahalli,ಕದಿರೇನಹಳ್ಳಿ,2 - Kadirenahalli,19937.0,10125.0,9812.0,816.0,411.0,405.0,401.0,183.0,218.0,18594,27891,11,RO- Padmanabhanagara,29,ARO- Padmanabhanagara,Zone1,Jayanagar
ward_369_final.201,East,ಪೂರ್ವ,3,K.R. Pura,ಕೆ.ಆರ್. ಪುರ,151,151 - K.R. Pura,20,A Narayanapura,ಎ ನಾರಾಯಣಪುರ,20 - A Narayanapura,21640.0,11539.0,10100.0,5958.0,3014.0,2944.0,299.0,158.0,140.0,14567,21851,3,RO- Ramamurthy Nagara,7,ARO- A Narayanapura,Zone2,K.R. Pura
ward_369_final.22,West,ಪಶ್ಚಿಮ,5,Yeshwanthapura,ಯಶವಂತಪುರ,153,153 - Yeshwanthapura,20,Kengeri Kote ward,ಕೆಂಗೇರಿ ಕೋಟೆ ವಾರ್ಡ್,20 - Kengeri Kote ward,19339.0,9841.0,9499.0,2048.0,968.0,1081.0,336.0,170.0,166.0,18949,28424,15,RO- Kengeri,43,ARO- Hemmigepura,Zone1,Rajarajeshwarinagar
ward_369_final.258,Central,ಕೇಂದ್ರ,1,C.V. Raman Nagar,ಸಿ.ವಿ. ರಾಮನ್ ನಗರ,161,161 - C.V. Raman Nagar,20,Kodihalli,ಕೋಡಿಹಳ್ಳಿ,20 - Kodihalli,24057.0,12236.0,11821.0,3836.0,1904.0,1931.0,323.0,163.0,160.0,18853,28280,2,RO- Jeevan Bhimanagar,5,ARO- Konena Agrahara,Zone1,C.V. Raman Nagar
ward_369_final.171,South,ದಕ್ಷಿಣ,4,B.T.M Layout,ಬಿ.ಟಿ.ಎಂ. ಲೇಔಟ್,172,172 - B.T.M Layout,20,Madiwala,ಮಡಿವಾಳ,20 - Madiwala,25538.0,13648.0,11891.0,1956.0,1001.0,955.0,255.0,141.0,114.0,18594,27891,2,RO- B.T.M Layout,2,ARO- Madiwala,Zone2,Bommanahalli
ward_369_final.181,North,ಉತ್ತರ,2,Byatarayanapura,ಬ್ಯಾಟರಾಯನಪುರ,152,152 - Byatarayanapura,20,Sampigehalli,ಸಂಪಿಗೆಹಳ್ಳಿ,20 - Sampigehalli,28461.0,14733.0,13727.0,3329.0,1658.0,1672.0,375.0,180.0,195.0,19943,29914,2,RO- Thanisandra,5,ARO- Kogilu,Zone1,Byatarayanapura
ward_369_final.102,South,ದಕ್ಷಿಣ,4,B.T.M Layout,ಬಿ.ಟಿ.ಎಂ. ಲೇಔಟ್,172,172 - B.T.M Layout,21,Chikka Adugodi,ಚಿಕ್ಕ ಆಡುಗೋಡಿ,21 - Chikka Adugodi,21468.0,11896.0,9572.0,2614.0,1351.0,1263.0,227.0,131.0,96.0,18594,27891,2,RO- B.T.M Layout,2,ARO- Madiwala,Zone2,Bommanahalli
ward_369_final.290,West,ಪಶ್ಚಿಮ,5,Yeshwanthapura,ಯಶವಂತಪುರ,153,153 - Yeshwanthapura,21,Kengeri,ಕೆಂಗೇರಿ,21 - Kengeri,21835.0,11253.0,10582.0,2478.0,1266.0,1212.0,371.0,210.0,161.0,18949,28424,15,RO- Kengeri,44,ARO- Kengeri,Zone1,Rajarajeshwarinagar
ward_369_final.5,North,ಉತ್ತರ,2,Byatarayanapura,ಬ್ಯಾಟರಾಯನಪುರ,152,152 - Byatarayanapura,21,Kogilu,ಕೋಗಿಲು,21 - Kogilu,28728.0,15084.0,13643.0,3656.0,1846.0,1811.0,609.0,310.0,299.0,19943,29914,2,RO- Thanisandra,5,ARO- Kogilu,Zone1,Byatarayanapura
ward_369_final.302,Central,ಕೇಂದ್ರ,1,C.V. Raman Nagar,ಸಿ.ವಿ. ರಾಮನ್ ನಗರ,161,161 - C.V. Raman Nagar,21,Konena Agrahara,ಕೋನೇನ ಅಗ್ರಹಾರ,21 - Konena Agrahara,26714.0,14128.0,12587.0,3873.0,1959.0,1914.0,251.0,126.0,125.0,18853,28280,2,RO- Jeevan Bhimanagar,5,ARO- Konena Agrahara,Zone1,C.V. Raman Nagar
ward_369_final.184,East,ಪೂರ್ವ,3,K.R. Pura,ಕೆ.ಆರ್. ಪುರ,151,151 - K.R. Pura,21,Uday Nagar,ಉದಯ್ ನಗರ,21 - Uday Nagar,20262.0,10540.0,9722.0,3508.0,1770.0,1738.0,307.0,162.0,145.0,14567,21851,3,RO- Ramamurthy Nagara,7,ARO- A Narayanapura,Zone2,K.R. Pura
ward_369_final.62,West,ಪಶ್ಚಿಮ,5,Rajarajeshwarinagar,ರಾಜರಾಜೇಶ್ವರಿನಗರ,154,154 - Rajarajeshwarinagar,22,Bangarappa Nagara,ಬಂಗಾರಪ್ಪ ನಗರ,22 - Bangarappa Nagara,28414.0,14846.0,13669.0,2140.0,1088.0,1052.0,836.0,430.0,406.0,18949,28424,11,RO- Rajarajeswari Nagara,35,ARO- Rajarajeswari Nagara,Zone1,Rajarajeshwarinagar
ward_369_final.272,Central,ಕೇಂದ್ರ,1,Shanthinagar,ಶಾಂತಿನಗರ,163,163 - Shanthinagar,22,Domluru,ದೊಮ್ಮಲೂರು,22 - Domluru,19982.0,10120.0,9862.0,2790.0,1392.0,1398.0,542.0,272.0,270.0,18853,28280,6,RO - Shanthinagar,18,ARO- Domluru,Zone1,C.V. Raman Nagar
ward_369_final.232,East,ಪೂರ್ವ,3,K.R. Pura,ಕೆ.ಆರ್. ಪುರ,151,151 - K.R. Pura,22,Mahadevapura,ಮಹದೇವಪುರ,22 - Mahadevapura,17381.0,9192.0,8189.0,1507.0,758.0,749.0,317.0,164.0,153.0,14567,21851,4,RO- Vignananagara,10,ARO- Mahadevapura,Zone2,K.R. Pura
ward_369_final.159,North,ಉತ್ತರ,2,Sarvagnanagar,ಸರ್ವಜ್ಞನಗರ,160,160 - Sarvagnanagar,22,Nagavara,ನಾಗವಾರ,22 - Nagavara,20153.0,10354.0,9799.0,2005.0,1021.0,984.0,451.0,231.0,220.0,19943,29914,9,RO- HBR Layout,22,ARO- HBR Layout,Zone1,Byatarayanapura
ward_369_final.111,South,ದಕ್ಷಿಣ,4,B.T.M Layout,ಬಿ.ಟಿ.ಎಂ. ಲೇಔಟ್,172,172 - B.T.M Layout,22,S.G Palya,ಎಸ್.ಜಿ. ಪಾಳ್ಯ,22 - S.G Palya,21440.0,11439.0,10001.0,2624.0,1351.0,1273.0,272.0,138.0,134.0,18594,27891,2,RO- B.T.M Layout,2,ARO- Madiwala,Zone2,Bommanahalli
ward_369_final.147,North,ಉತ್ತರ,2,Sarvagnanagar,ಸರ್ವಜ್ಞನಗರ,160,160 - Sarvagnanagar,23,Hennur,ಹೆಣ್ಣೂರು,23 - Hennur,21706.0,11282.0,10424.0,3064.0,1575.0,1489.0,486.0,263.0,223.0,19943,29914,9,RO- HBR Layout,22,ARO- HBR Layout,Zone1,Byatarayanapura
ward_369_final.257,Central,ಕೇಂದ್ರ,1,Shanthinagar,ಶಾಂತಿನಗರ,163,163 - Shanthinagar,23,Jogpalya,ಜೋಗಪಾಳ್ಯ,23 - Jogpalya,25803.0,12923.0,12879.0,2746.0,1376.0,1370.0,389.0,189.0,199.0,18853,28280,6,RO - Shanthinagar,18,ARO- Domluru,Zone1,C.V. Raman Nagar
ward_369_final.114,South,ದಕ್ಷಿಣ,4,B.T.M Layout,ಬಿ.ಟಿ.ಎಂ. ಲೇಔಟ್,172,172 - B.T.M Layout,23,Lakkasandra,ಲಕ್ಕಸಂದ್ರ,23 - Lakkasandra,20932.0,10688.0,10243.0,3144.0,1593.0,1552.0,344.0,174.0,169.0,18594,27891,3,RO- Kormangala,6,ARO- Lakkasandra,Zone2,Bommanahalli
ward_369_final.271,West,ಪಶ್ಚಿಮ,5,Rajarajeshwarinagar,ರಾಜರಾಜೇಶ್ವರಿನಗರ,154,154 - Rajarajeshwarinagar,23,Rajarajeshwari Nagara,ರಾಜರಾಜೇಶ್ವರಿ ನಗರ,23 - Rajarajeshwari Nagara,26050.0,13348.0,12601.0,1457.0,758.0,700.0,652.0,342.0,310.0,18949,28424,11,RO- Rajarajeswari Nagara,35,ARO- Rajarajeswari Nagara,Zone1,Rajarajeshwarinagar
ward_369_final.215,East,ಪೂರ್ವ,3,K.R. Pura,ಕೆ.ಆರ್. ಪುರ,151,151 - K.R. Pura,23,Sangama Ward,ಸಂಗಮ ವಾರ್ಡ್,23 - Sangama Ward,15835.0,8226.0,7610.0,1497.0,774.0,724.0,361.0,184.0,176.0,14567,21851,4,RO- Vignananagara,10,ARO- Mahadevapura,Zone2,K.R. Pura
ward_369_final.163,South,ದಕ್ಷಿಣ,4,B.T.M Layout,ಬಿ.ಟಿ.ಎಂ. ಲೇಔಟ್,172,172 - B.T.M Layout,24,A Adugodi,ಎ. ಆಡುಗೋಡಿ,24 - A Adugodi,21458.0,11082.0,10376.0,2344.0,1237.0,1106.0,426.0,207.0,220.0,18594,27891,3,RO- Kormangala,6,ARO- Lakkasandra,Zone2,Bommanahalli
ward_369_final.7,Central,ಕೇಂದ್ರ,1,Shanthinagar,ಶಾಂತಿನಗರ,163,163 - Shanthinagar,24,Agaram,ಅಗರಂ,24 - Agaram,28081.0,14088.0,13993.0,7580.0,3709.0,3871.0,530.0,272.0,258.0,18853,28280,6,RO - Shanthinagar,18,ARO- Domluru,Zone1,C.V. Raman Nagar
ward_369_final.136,North,ಉತ್ತರ,2,Sarvagnanagar,ಸರ್ವಜ್ಞನಗರ,160,160 - Sarvagnanagar,24,HBR Layout,ಎಚ್.ಬಿ.ಆರ್. ಲೇಔಟ್,24 - HBR Layout,20380.0,10367.0,10013.0,2575.0,1306.0,1269.0,329.0,162.0,167.0,19943,29914,9,RO- HBR Layout,22,ARO- HBR Layout,Zone1,Byatarayanapura
ward_369_final.304,West,ಪಶ್ಚಿಮ,5,Rajarajeshwarinagar,ರಾಜರಾಜೇಶ್ವರಿನಗರ,154,154 - Rajarajeshwarinagar,24,Jnana Bharathi Ward,ಜ್ಞಾನ ಭಾರತಿ ವಾರ್ಡ್,24 - Jnana Bharathi Ward,20533.0,10816.0,9717.0,2181.0,1121.0,1060.0,434.0,240.0,194.0,18949,28424,11,RO- Rajarajeswari Nagara,34,ARO- Jnana Bharathi,Zone1,Rajarajeshwarinagar
ward_369_final.251,East,ಪೂರ್ವ,3,K.R. Pura,ಕೆ.ಆರ್. ಪುರ,151,151 - K.R. Pura,24,Vignananagara,ವಿಜ್ಞಾನನಗರ,24 - Vignananagara,14649.0,7682.0,6967.0,822.0,402.0,419.0,229.0,122.0,107.0,14567,21851,4,RO- Vignananagara,12,ARO- Vignananagara,Zone2,K.R. Pura
ward_369_final.275,Central,ಕೇಂದ್ರ,1,Shanthinagar,ಶಾಂತಿನಗರ,163,163 - Shanthinagar,25,Ashokanagar,ಅಶೋಕನಗರ,25 - Ashokanagar,21804.0,10895.0,10909.0,1987.0,931.0,1056.0,311.0,137.0,174.0,18853,28280,6,RO - Shanthinagar,21,ARO- Shanthinagar,Zone1,C.V. Raman Nagar
ward_369_final.131,North,ಉತ್ತರ,2,Sarvagnanagar,ಸರ್ವಜ್ಞನಗರ,160,160 - Sarvagnanagar,25,Govindapura,ಗೋವಿಂದಪುರ,25 - Govindapura,21432.0,10935.0,10497.0,1452.0,729.0,723.0,124.0,64.0,60.0,19943,29914,9,RO- HBR Layout,23,ARO- K.G Halli,Zone1,Byatarayanapura
ward_369_final.54,East,ಪೂರ್ವ,3,K.R. Pura,ಕೆ.ಆರ್. ಪುರ,151,151 - K.R. Pura,25,L.B Shastri Nagar,ಎಲ್.ಬಿ.ಶಾಸ್ತ್ರಿ ನಗರ,25 - L.B Shastri Nagar,14946.0,7837.0,7109.0,773.0,376.0,397.0,309.0,157.0,153.0,14567,21851,4,RO- Vignananagara,12,ARO- Vignananagara,Zone2,K.R. Pura
ward_369_final.110,South,ದಕ್ಷಿಣ,4,B.T.M Layout,ಬಿ.ಟಿ.ಎಂ. ಲೇಔಟ್,172,172 - B.T.M Layout,25,National Games Village,ನ್ಯಾಷನಲ್ ಗೇಮ್ಸ್ ವಿಲೇಜ್,25 - National Games Village,19407.0,9949.0,9459.0,6281.0,3167.0,3115.0,630.0,326.0,304.0,18594,27891,3,RO- Kormangala,4,ARO- Ejipura,Zone2,Bommanahalli
ward_369_final.1,West,ಪಶ್ಚಿಮ,5,Rajarajeshwarinagar,ರಾಜರಾಜೇಶ್ವರಿನಗರ,154,154 - Rajarajeshwarinagar,25,Vinayaka Layout,ವಿನಾಯಕ ಲೇಔಟ್,25 - Vinayaka Layout,20170.0,10168.0,10002.0,1496.0,767.0,729.0,406.0,205.0,201.0,18949,28424,11,RO- Rajarajeswari Nagara,34,ARO- Jnana Bharathi,Zone1,Rajarajeshwarinagar
ward_369_final.148,South,ದಕ್ಷಿಣ,4,B.T.M Layout,ಬಿ.ಟಿ.ಎಂ. ಲೇಔಟ್,172,172 - B.T.M Layout,26,Ejipura,ಈಜಿಪುರ,26 - Ejipura,22239.0,11476.0,10764.0,4155.0,2089.0,2067.0,359.0,176.0,183.0,18594,27891,3,RO- Kormangala,4,ARO- Ejipura,Zone2,Bommanahalli
ward_369_final.239,East,ಪೂರ್ವ,3,K.R. Pura,ಕೆ.ಆರ್. ಪುರ,151,151 - K.R. Pura,26,Jagadish Nagar,ಜಗದೀಶ್ ನಗರ,26 - Jagadish Nagar,18479.0,9470.0,9009.0,5683.0,2831.0,2852.0,300.0,168.0,132.0,14567,21851,4,RO- Vignananagara,11,ARO- Vibhoothipura,Zone2,K.R. Pura
ward_369_final.243,West,ಪಶ್ಚಿಮ,5,Rajarajeshwarinagar,ರಾಜರಾಜೇಶ್ವರಿನಗರ,154,154 - Rajarajeshwarinagar,26,Mallathahalli,ಮಲ್ಲತ್ತಹಳ್ಳಿ,26 - Mallathahalli,21575.0,11199.0,10375.0,2488.0,1262.0,1226.0,754.0,403.0,351.0,18949,28424,11,RO- Rajarajeswari Nagara,34,ARO- Jnana Bharathi,Zone1,Rajarajeshwarinagar
ward_369_final.325,North,ಉತ್ತರ,2,Sarvagnanagar,ಸರ್ವಜ್ಞನಗರ,160,160 - Sarvagnanagar,26,Samadhana Nagar,ಸಮಾಧಾನ ನಗರ,26 - Samadhana Nagar,20684.0,10591.0,10093.0,3130.0,1550.0,1581.0,477.0,235.0,242.0,19943,29914,9,RO- HBR Layout,23,ARO- K.G Halli,Zone1,Byatarayanapura
ward_369_final.260,Central,ಕೇಂದ್ರ,1,Shanthinagar,ಶಾಂತಿನಗರ,163,163 - Shanthinagar,26,Vannarpet,ವನ್ನಾರ್‌ಪೇಟೆ,26 - Vannarpet,22858.0,11322.0,11536.0,10884.0,5390.0,5493.0,1139.0,575.0,564.0,18853,28280,6,RO - Shanthinagar,20,ARO- Neelasandra,Zone1,C.V. Raman Nagar
ward_369_final.115,Central,ಕೇಂದ್ರ,1,Shanthinagar,ಶಾಂತಿನಗರ,163,163 - Shanthinagar,27,Ambedkarnagar,ಅಂಬೇಡ್ಕರ್‌ನಗರ,27 - Ambedkarnagar,27816.0,14227.0,13589.0,11069.0,5507.0,5562.0,481.0,251.0,230.0,18853,28280,6,RO - Shanthinagar,20,ARO- Neelasandra,Zone1,C.V. Raman Nagar
ward_369_final.314,North,ಉತ್ತರ,2,Sarvagnanagar,ಸರ್ವಜ್ಞನಗರ,160,160 - Sarvagnanagar,27,K.G.Halli,ಕೆ.ಜಿ.ಹಳ್ಳಿ,27 - K.G.Halli,28238.0,14456.0,13982.0,2584.0,1284.0,1301.0,832.0,439.0,393.0,19943,29914,9,RO- HBR Layout,23,ARO- K.G Halli,Zone1,Byatarayanapura
ward_369_final.96,South,ದಕ್ಷಿಣ,4,B.T.M Layout,ಬಿ.ಟಿ.ಎಂ. ಲೇಔಟ್,172,172 - B.T.M Layout,27,Sri Lakshmi Devi Ward,ಶ್ರೀ ಲಕ್ಷ್ಮೀದೇವಿ ವಾರ್ಡ್,27 - Sri Lakshmi Devi Ward,19844.0,10463.0,9381.0,2001.0,1035.0,966.0,315.0,155.0,162.0,18594,27891,3,RO- Kormangala,4,ARO- Ejipura,Zone2,Bommanahalli
ward_369_final.219,West,ಪಶ್ಚಿಮ,5,Rajarajeshwarinagar,ರಾಜರಾಜೇಶ್ವರಿನಗರ,154,154 - Rajarajeshwarinagar,27,Srigandada Kaval,ಶ್ರೀಗಂಧದ ಕಾವಲ್,27 - Srigandada Kaval,25652.0,13401.0,12251.0,2776.0,1410.0,1366.0,704.0,370.0,333.0,18949,28424,10,RO- Peenya,31,ARO- Kotigepalya,Zone1,Rajarajeshwarinagar
ward_369_final.202,East,ಪೂರ್ವ,3,K.R. Pura,ಕೆ.ಆರ್. ಪುರ,151,151 - K.R. Pura,27,Vibhootipura,ವಿಭೂತಿಪುರ,27 - Vibhootipura,16475.0,8709.0,7767.0,2671.0,1337.0,1333.0,357.0,182.0,175.0,14567,21851,4,RO- Vignananagara,11,ARO- Vibhoothipura,Zone2,K.R. Pura
ward_369_final.72,East,ಪೂರ್ವ,3,Mahadevapura,ಮಹದೇವಪುರ,174,174 - Mahadevapura,28,Byrathi,ಬೈರತಿ,28 - Byrathi,13969.0,7227.0,6742.0,2638.0,1336.0,1302.0,358.0,184.0,174.0,14567,21851,6,RO- Hoodi,16,ARO- Hoodi,Zone1,Mahadevapura
ward_369_final.135,South,ದಕ್ಷಿಣ,4,B.T.M Layout,ಬಿ.ಟಿ.ಎಂ. ಲೇಔಟ್,172,172 - B.T.M Layout,28,Kormangala East,ಕೋರಮಂಗಲ ಪೂರ್ವ,28 - Kormangala East,22885.0,11897.0,10989.0,2252.0,1138.0,1114.0,558.0,288.0,270.0,18594,27891,3,RO- Kormangala,5,ARO- Kormangala,Zone2,Bommanahalli
ward_369_final.59,West,ಪಶ್ಚಿಮ,5,Rajarajeshwarinagar,ರಾಜರಾಜೇಶ್ವರಿನಗರ,154,154 - Rajarajeshwarinagar,28,Kottegepalya,ಕೊಟ್ಟಿಗೆಪಾಳ್ಯ,28 - Kottegepalya,22872.0,12165.0,10707.0,2906.0,1616.0,1291.0,612.0,337.0,275.0,18949,28424,10,RO- Peenya,31,ARO- Kotigepalya,Zone1,Rajarajeshwarinagar
ward_369_final.231,Central,ಕೇಂದ್ರ,1,Shanthinagar,ಶಾಂತಿನಗರ,163,163 - Shanthinagar,28,Neelasandra,ನೀಲಸಂದ್ರ,28 - Neelasandra,24853.0,13017.0,11836.0,1660.0,843.0,817.0,190.0,81.0,108.0,18853,28280,6,RO - Shanthinagar,20,ARO- Neelasandra,Zone1,C.V. Raman Nagar
ward_369_final.139,North,ಉತ್ತರ,2,Sarvagnanagar,ಸರ್ವಜ್ಞನಗರ,160,160 - Sarvagnanagar,28,Venkateshpuram,ವೆಂಕಟೇಶಪುರಂ,28 - Venkateshpuram,22028.0,11040.0,10989.0,3562.0,1750.0,1812.0,328.0,163.0,165.0,19943,29914,9,RO- HBR Layout,24,ARO- Kacharakanahalli,Zone1,Byatarayanapura
ward_369_final.259,Central,ಕೇಂದ್ರ,1,Shanthinagar,ಶಾಂತಿನಗರ,163,163 - Shanthinagar,29,Austin Town,ಆಸ್ಟಿನ್ ಟೌನ್,29 - Austin Town,19730.0,9923.0,9807.0,4604.0,2294.0,2309.0,163.0,76.0,87.0,18853,28280,6,RO - Shanthinagar,19,ARO- Vinayakanagar,Zone1,C.V. Raman Nagar
ward_369_final.204,West,ಪಶ್ಚಿಮ,5,Rajarajeshwarinagar,ರಾಜರಾಜೇಶ್ವರಿನಗರ,154,154 - Rajarajeshwarinagar,29,Chowdeshwari Nagar,ಚೌಡೇಶ್ವರಿ ನಗರ,29 - Chowdeshwari Nagar,24455.0,12850.0,11605.0,958.0,499.0,459.0,374.0,186.0,187.0,18949,28424,10,RO- Peenya,31,ARO- Kotigepalya,Zone1,Rajarajeshwarinagar
ward_369_final.207,East,ಪೂರ್ವ,3,Mahadevapura,ಮಹದೇವಪುರ,174,174 - Mahadevapura,29,Hoodi,ಹೂಡಿ,29 - Hoodi,20699.0,12317.0,8382.0,2088.0,1125.0,963.0,462.0,270.0,192.0,14567,21851,6,RO- Hoodi,16,ARO- Hoodi,Zone1,Mahadevapura
ward_369_final.169,South,ದಕ್ಷಿಣ,4,B.T.M Layout,ಬಿ.ಟಿ.ಎಂ. ಲೇಔಟ್,172,172 - B.T.M Layout,29,Kormangala West,ಕೋರಮಂಗಲ ಪಶ್ಚಿಮ,29 - Kormangala West,27879.0,14436.0,13494.0,5999.0,3098.0,2901.0,1058.0,527.0,531.0,18594,27891,3,RO- Kormangala,6,ARO- Lakkasandra,Zone2,Bommanahalli
ward_369_final.155,North,ಉತ್ತರ,2,Sarvagnanagar,ಸರ್ವಜ್ಞನಗರ,160,160 - Sarvagnanagar,29,Lingarajpura,ಲಿಂಗರಾಜಪುರ,29 - Lingarajpura,26438.0,13202.0,13236.0,3077.0,1521.0,1556.0,785.0,410.0,375.0,19943,29914,9,RO- HBR Layout,24,ARO- Kacharakanahalli,Zone1,Byatarayanapura
ward_369_final.242,East,ಪೂರ್ವ,3,K.R. Pura,ಕೆ.ಆರ್. ಪುರ,151,151 - K.R. Pura,3,Chellakere,ಚೆಲ್ಲಕೆರೆ,3 - Chellakere,17010.0,8884.0,8126.0,2144.0,1084.0,1060.0,214.0,112.0,103.0,14567,21851,1,RO- Horamavu,1,ARO- Chellakere,Zone2,K.R. Pura
ward_369_final.3,North,ಉತ್ತರ,2,Yelahanka,ಯಲಹಂಕ,150,150 - Yelahanka,3,Chowdeshwari ward,ಚೌಡೇಶ್ವರಿ ವಾರ್ಡ್,3 - Chowdeshwari ward,26795.0,14502.0,12281.0,2432.0,1336.0,1096.0,477.0,264.0,213.0,19943,29914,11,RO- Yelahanka,29,ARO- Yelahanka Old Town,Zone2,Yelahanka
ward_369_final.190,West,ಪಶ್ಚಿಮ,5,Dasarahalli,ದಾಸರಹಳ್ಳಿ,155,155 - Dasarahalli,3,Nelagadaranahalli,ನೆಲಗದರನಹಳ್ಳಿ,3 - Nelagadaranahalli,22738.0,12798.0,9940.0,1501.0,799.0,702.0,799.0,459.0,340.0,18949,28424,2,RO- Hegganahalli,6,ARO- Nagasandra,Zone1,Rajarajeshwarinagar
ward_369_final.298,Central,ಕೇಂದ್ರ,1,Shivajinagar,ಶಿವಾಜಿನಗರ,162,162 - Shivajinagar,3,Vasanth Nagar,ವಸಂತ ನಗರ,3 - Vasanth Nagar,28272.0,14112.0,14209.0,3957.0,1956.0,2001.0,186.0,102.0,84.0,18853,28280,7,RO- Shivajinagar,24,ARO- Vasanthanagar,Zone2,Gandhinagara
ward_369_final.212,South,ದಕ್ಷಿಣ,4,Padmanabanagar,ಪದ್ಮನಾಭನಗರ,171,171 - Padmanabanagar,3,Yarab nagar,ಯಾರಬ್ ನಗರ,3 - Yarab nagar,20832.0,10611.0,10221.0,2112.0,1094.0,1019.0,721.0,375.0,346.0,18594,27891,11,RO- Padmanabhanagara,29,ARO- Padmanabhanagara,Zone1,Jayanagar
ward_369_final.245,East,ಪೂರ್ವ,3,Mahadevapura,ಮಹದೇವಪುರ,174,174 - Mahadevapura,30,Belathur,ಬೆಳತ್ತೂರ್,30 - Belathur,20869.0,11556.0,9313.0,5120.0,2600.0,2520.0,391.0,232.0,159.0,14567,21851,6,RO- Hoodi,16,ARO- Hoodi,Zone1,Mahadevapura
ward_369_final.234,South,ದಕ್ಷಿಣ,4,B.T.M Layout,ಬಿ.ಟಿ.ಎಂ. ಲೇಔಟ್,172,172 - B.T.M Layout,30,Jakkasandra,ಜಕ್ಕಸಂದ್ರ,30 - Jakkasandra,25594.0,13763.0,11781.0,2254.0,1173.0,1081.0,607.0,326.0,281.0,18594,27891,3,RO- Kormangala,5,ARO- Kormangala,Zone2,Bommanahalli
ward_369_final.157,North,ಉತ್ತರ,2,Sarvagnanagar,ಸರ್ವಜ್ಞನಗರ,160,160 - Sarvagnanagar,30,Kacharakanahalli,ಕಾಚರಕನಹಳ್ಳಿ,30 - Kacharakanahalli,21873.0,11041.0,10831.0,1794.0,919.0,875.0,348.0,172.0,176.0,19943,29914,9,RO- HBR Layout,24,ARO- Kacharakanahalli,Zone1,Byatarayanapura
ward_369_final.341,West,ಪಶ್ಚಿಮ,5,Rajarajeshwarinagar,ರಾಜರಾಜೇಶ್ವರಿನಗರ,154,154 - Rajarajeshwarinagar,30,Kempegowda Layout,ಕೆಂಪೇಗೌಡ ಬಡಾವಣೆ,30 - Kempegowda Layout,20026.0,10434.0,9592.0,930.0,477.0,454.0,462.0,231.0,231.0,18949,28424,10,RO- Peenya,32,ARO- Laggere,Zone1,Rajarajeshwarinagar
ward_369_final.162,Central,ಕೇಂದ್ರ,1,Shanthinagar,ಶಾಂತಿನಗರ,163,163 - Shanthinagar,30,Vinayakanagar,ವಿನಾಯಕನಗರ,30 - Vinayakanagar,21367.0,11262.0,10104.0,3001.0,1489.0,1512.0,373.0,185.0,188.0,18853,28280,6,RO - Shanthinagar,19,ARO- Vinayakanagar,Zone1,C.V. Raman Nagar
ward_369_final.317,West,ಪಶ್ಚಿಮ,5,Rajarajeshwarinagar,ರಾಜರಾಜೇಶ್ವರಿನಗರ,154,154 - Rajarajeshwarinagar,31,Freedom Fighter Ward,ಫ್ರೀಡಂ ಫೈಟರ್ ವಾರ್ಡ್,31 - Freedom Fighter Ward,18985.0,9976.0,9008.0,995.0,514.0,481.0,413.0,218.0,195.0,18949,28424,10,RO- Peenya,32,ARO- Laggere,Zone1,Rajarajeshwarinagar
ward_369_final.220,East,ಪೂರ್ವ,3,Mahadevapura,ಮಹದೇವಪುರ,174,174 - Mahadevapura,31,Kadugodi,ಕಾಡುಗೋಡಿ,31 - Kadugodi,18927.0,10118.0,8809.0,1914.0,964.0,950.0,299.0,164.0,134.0,14567,21851,6,RO- Hoodi,17,ARO- Kadugodi,Zone1,Mahadevapura
ward_369_final.319,North,ಉತ್ತರ,2,Sarvagnanagar,ಸರ್ವಜ್ಞನಗರ,160,160 - Sarvagnanagar,31,Kalyan Nagar,ಕಲ್ಯಾಣ ನಗರ,31 - Kalyan Nagar,23746.0,11942.0,11804.0,2783.0,1441.0,1342.0,352.0,173.0,179.0,19943,29914,10,RO- Maruthi Sevanagar,25,ARO- Banaswadi,Zone1,Byatarayanapura
ward_369_final.119,South,ದಕ್ಷಿಣ,4,Mahadevapura,ಮಹದೇವಪುರ,174,174 - Mahadevapura,31,Kasavanahalli,ಕಸವನಹಳ್ಳಿ,31 - Kasavanahalli,21288.0,11166.0,10122.0,1819.0,922.0,897.0,357.0,183.0,174.0,18594,27891,1,RO- HSR Layout,1,ARO- Kudlu,Zone2,Bommanahalli
ward_369_final.168,Central,ಕೇಂದ್ರ,1,Shanthinagar,ಶಾಂತಿನಗರ,163,163 - Shanthinagar,31,Shanthinagar,ಶಾಂತಿನಗರ,31 - Shanthinagar,24474.0,12212.0,12263.0,3689.0,1791.0,1898.0,261.0,134.0,127.0,18853,28280,6,RO - Shanthinagar,21,ARO- Shanthinagar,Zone1,C.V. Raman Nagar
ward_369_final.133,North,ಉತ್ತರ,2,Sarvagnanagar,ಸರ್ವಜ್ಞನಗರ,160,160 - Sarvagnanagar,32,Banaswadi,ಬಾಣಸವಾಡಿ,32 - Banaswadi,25077.0,12718.0,12360.0,2870.0,1457.0,1414.0,525.0,276.0,249.0,19943,29914,10,RO- Maruthi Sevanagar,25,ARO- Banaswadi,Zone1,Byatarayanapura
ward_369_final.216,East,ಪೂರ್ವ,3,Mahadevapura,ಮಹದೇವಪುರ,174,174 - Mahadevapura,32,Channasandra,ಚನ್ನಸಂದ್ರ,32 - Channasandra,14621.0,7878.0,6743.0,2098.0,1053.0,1045.0,288.0,155.0,134.0,14567,21851,6,RO- Hoodi,17,ARO- Kadugodi,Zone1,Mahadevapura
ward_369_final.109,South,ದಕ್ಷಿಣ,4,Anekal,ಆನೇಕಲ್,177,177 - Anekal,32,Kudlu,ಕೂಡ್ಲು,32 - Kudlu,16661.0,9005.0,7656.0,2887.0,1499.0,1389.0,425.0,236.0,189.0,18594,27891,1,RO- HSR Layout,1,ARO- Kudlu,Zone2,Bommanahalli
ward_369_final.322,West,ಪಶ್ಚಿಮ,5,Rajarajeshwarinagar,ರಾಜರಾಜೇಶ್ವರಿನಗರ,154,154 - Rajarajeshwarinagar,32,Laggere,ಲಗ್ಗೆರೆ,32 - Laggere,20508.0,10714.0,9794.0,1763.0,897.0,866.0,498.0,269.0,229.0,18949,28424,10,RO- Peenya,32,ARO- Laggere,Zone1,Rajarajeshwarinagar
ward_369_final.286,Central,ಕೇಂದ್ರ,1,Chickpet,ಚಿಕ್ಕಪೇಟೆ,169,169 - Chickpet,32,SilverJubilee Park Ward,ಸಿಲ್ವರ್ ಜುಬಿಲಿ ಪಾರ್ಕ್ ವಾರ್ಡ್,32 - SilverJubilee Park Ward,18858.0,9562.0,9176.0,6825.0,3344.0,3481.0,233.0,104.0,129.0,18853,28280,4,RO - Chickpet,11,ARO- Dharmaraya Swamy Temple,Zone2,Gandhinagara
ward_369_final.89,Central,ಕೇಂದ್ರ,1,Chickpet,ಚಿಕ್ಕಪೇಟೆ,169,169 - Chickpet,33,Dharmaraya Swamy Temple Ward,ಧರ್ಮರಾಯ ಸ್ವಾಮಿ ದೇವಸ್ಥಾನ ವಾರ್ಡ್,33 - Dharmaraya Swamy Temple Ward,18905.0,9868.0,9092.0,677.0,334.0,343.0,131.0,70.0,62.0,18853,28280,4,RO - Chickpet,11,ARO- Dharmaraya Swamy Temple,Zone2,Gandhinagara
ward_369_final.156,North,ಉತ್ತರ,2,Sarvagnanagar,ಸರ್ವಜ್ಞನಗರ,160,160 - Sarvagnanagar,33,HRBR Layout,ಹೆಚ್‌ಆರ್‌ಬಿಆರ್ ಲೇಔಟ್,33 - HRBR Layout,24637.0,12403.0,12234.0,2629.0,1373.0,1256.0,181.0,90.0,91.0,19943,29914,10,RO- Maruthi Sevanagar,25,ARO- Banaswadi,Zone1,Byatarayanapura
ward_369_final.118,West,ಪಶ್ಚಿಮ,5,Rajarajeshwarinagar,ರಾಜರಾಜೇಶ್ವರಿನಗರ,154,154 - Rajarajeshwarinagar,33,Lakshmi Devi Nagar,ಲಕ್ಷ್ಮಿ ದೇವಿ ನಗರ,33 - Lakshmi Devi Nagar,24599.0,12820.0,11779.0,5006.0,2541.0,2470.0,583.0,318.0,265.0,18949,28424,10,RO- Peenya,33,ARO- Peenya,Zone1,Rajarajeshwarinagar
ward_369_final.80,South,ದಕ್ಷಿಣ,4,Bangalore South,ಬೆಂಗಳೂರು ದಕ್ಷಿಣ,176,176 - Bangalore South,33,Naganathapura,ನಾಗನಾಥಪುರ,33 - Naganathapura,18599.0,10063.0,8497.0,2528.0,1327.0,1201.0,564.0,330.0,234.0,18594,27891,5,RO- Beguru,14,ARO- Naganathpura,Zone1,Jayanagar
ward_369_final.203,East,ಪೂರ್ವ,3,Mahadevapura,ಮಹದೇವಪುರ,174,174 - Mahadevapura,33,S.M Krishna Ward,ಎಸ್.ಎಂ ಕೃಷ್ಣ ವಾರ್ಡ್,33 - S.M Krishna Ward,16262.0,8867.0,7395.0,3754.0,1929.0,1826.0,464.0,272.0,192.0,14567,21851,6,RO- Hoodi,17,ARO- Kadugodi,Zone1,Mahadevapura
ward_369_final.84,South,ದಕ್ಷಿಣ,4,Bangalore South,ಬೆಂಗಳೂರು ದಕ್ಷಿಣ,176,176 - Bangalore South,34,Chikkathoguru,ಚಿಕ್ಕ ತೋಗೂರು,34 - Chikkathoguru,18868.0,10257.0,8651.0,1939.0,969.0,971.0,407.0,221.0,185.0,18594,27891,5,RO- Beguru,14,ARO- Naganathpura,Zone1,Jayanagar
ward_369_final.160,Central,ಕೇಂದ್ರ,1,Chickpet,ಚಿಕ್ಕಪೇಟೆ,169,169 - Chickpet,34,D.V Gundappa Ward,ಡಿ.ವಿ. ಗುಂಡಪ್ಪ ವಾರ್ಡ್,34 - D.V Gundappa Ward,20279.0,10418.0,9986.0,5426.0,2672.0,2754.0,102.0,47.0,55.0,18853,28280,4,RO - Chickpet,11,ARO- Dharmaraya Swamy Temple,Zone2,Gandhinagara
ward_369_final.230,East,ಪೂರ್ವ,3,Mahadevapura,ಮಹದೇವಪುರ,174,174 - Mahadevapura,34,Kaveri Nagara,ಕಾವೇರಿ ನಗರ,34 - Kaveri Nagara,20959.0,11560.0,9399.0,3849.0,1996.0,1853.0,603.0,350.0,253.0,14567,21851,7,RO- Marathahalli,20,ARO- Garudacharpalya,Zone1,Mahadevapura
ward_369_final.175,West,ಪಶ್ಚಿಮ,5,Rajarajeshwarinagar,ರಾಜರಾಜೇಶ್ವರಿನಗರ,154,154 - Rajarajeshwarinagar,34,Peenya,ಪೀಣ್ಯ,34 - Peenya,26003.0,13620.0,12383.0,4190.0,2140.0,2050.0,986.0,507.0,479.0,18949,28424,10,RO- Peenya,33,ARO- Peenya,Zone1,Rajarajeshwarinagar
ward_369_final.20,North,ಉತ್ತರ,2,Sarvagnanagar,ಸರ್ವಜ್ಞನಗರ,160,160 - Sarvagnanagar,34,Subbayanapalya,ಸುಬ್ಬಯ್ಯನಪಾಳ್ಯ,34 - Subbayanapalya,22175.0,11310.0,10865.0,2843.0,1457.0,1387.0,469.0,238.0,232.0,19943,29914,10,RO- Maruthi Sevanagar,26,ARO- Kammanahalli,Zone1,Byatarayanapura
ward_369_final.227,East,ಪೂರ್ವ,3,Mahadevapura,ಮಹದೇವಪುರ,174,174 - Mahadevapura,35,Garudachar Palya,ಗರುಡಾಚಾರ್ ಪಾಳ್ಯ,35 - Garudachar Palya,20983.0,11770.0,9213.0,1513.0,799.0,715.0,433.0,250.0,183.0,14567,21851,7,RO- Marathahalli,20,ARO- Garudacharpalya,Zone1,Mahadevapura
ward_369_final.58,West,ಪಶ್ಚಿಮ,5,Rajarajeshwarinagar,ರಾಜರಾಜೇಶ್ವರಿನಗರ,154,154 - Rajarajeshwarinagar,35,Goraguntepalya,ಗೋರಗುಂಟೆಪಾಳ್ಯ,35 - Goraguntepalya,21462.0,11354.0,10108.0,4874.0,2455.0,2420.0,823.0,440.0,383.0,18949,28424,10,RO- Peenya,33,ARO- Peenya,Zone1,Rajarajeshwarinagar
ward_369_final.266,Central,ಕೇಂದ್ರ,1,Chickpet,ಚಿಕ್ಕಪೇಟೆ,169,169 - Chickpet,35,Hombegowda Nagara,ಹೊಂಬೇಗೌಡ ನಗರ,35 - Hombegowda Nagara,18866.0,9795.0,9011.0,1898.0,948.0,950.0,238.0,126.0,112.0,18853,28280,4,RO - Chickpet,12,ARO- Hombegowda Nagar,Zone2,Gandhinagara
ward_369_final.129,North,ಉತ್ತರ,2,Sarvagnanagar,ಸರ್ವಜ್ಞನಗರ,160,160 - Sarvagnanagar,35,Kammanahalli,ಕಮ್ಮನಹಳ್ಳಿ,35 - Kammanahalli,26646.0,13448.0,13198.0,7031.0,3552.0,3479.0,929.0,485.0,444.0,19943,29914,10,RO- Maruthi Sevanagar,26,ARO- Kammanahalli,Zone1,Byatarayanapura
ward_369_final.78,South,ದಕ್ಷಿಣ,4,Bangalore South,ಬೆಂಗಳೂರು ದಕ್ಷಿಣ,176,176 - Bangalore South,35,Vishwapriya Nagara,ವಿಶ್ವಪ್ರಿಯ ನಗರ,35 - Vishwapriya Nagara,19281.0,10122.0,9269.0,1768.0,886.0,881.0,309.0,160.0,148.0,18594,27891,5,RO- Beguru,14,ARO- Naganathpura,Zone1,Jayanagar
ward_369_final.15,South,ದಕ್ಷಿಣ,4,Bangalore South,ಬೆಂಗಳೂರು ದಕ್ಷಿಣ,176,176 - Bangalore South,36,Beguru,ಬೇಗೂರು,36 - Beguru,18605.0,9615.0,8880.0,1303.0,662.0,642.0,196.0,101.0,95.0,18594,27891,5,RO- Beguru,11,ARO- Beguru,Zone1,Jayanagar
ward_369_final.226,East,ಪೂರ್ವ,3,Mahadevapura,ಮಹದೇವಪುರ,174,174 - Mahadevapura,36,Bharath Aikya Ward,ಭಾರತ್ ಐಕ್ಯ ವಾರ್ಡ್,36 - Bharath Aikya Ward,19498.0,10573.0,8926.0,1601.0,817.0,784.0,286.0,154.0,132.0,14567,21851,7,RO- Marathahalli,19,ARO- Doddane Kundi,Zone1,Mahadevapura
ward_369_final.140,North,ಉತ್ತರ,2,Sarvagnanagar,ಸರ್ವಜ್ಞನಗರ,160,160 - Sarvagnanagar,36,Maruthi Seva Nagara,ಮಾರುತಿ ಸೇವಾ ನಗರ,36 - Maruthi Seva Nagara,24347.0,11743.0,12604.0,2272.0,1106.0,1166.0,435.0,205.0,230.0,19943,29914,10,RO- Maruthi Sevanagar,27,ARO- Maruthi Sevanagar,Zone1,Byatarayanapura
ward_369_final.352,West,ಪಶ್ಚಿಮ,5,Mahalakshmi Layout,ಮಹಾಲಕ್ಷ್ಮಿ ಲೇಔಟ್,156,156 - Mahalakshmi Layout,36,Nalwadi Krishnaraja Wadiyar Ward,ನಾಲ್ವಡಿ ಕೃಷ್ಣರಾಜ ಒಡೆಯರ್ ವಾರ್ಡ್,36 - Nalwadi Krishnaraja Wadiyar Ward,28281.0,14630.0,13650.0,4501.0,2286.0,2215.0,503.0,251.0,251.0,18949,28424,5,RO- Mahalakshmi Layout,17,ARO- Nandhini Layout,Zone1,Rajarajeshwarinagar
ward_369_final.112,Central,ಕೇಂದ್ರ,1,Chickpet,ಚಿಕ್ಕಪೇಟೆ,169,169 - Chickpet,36,Someshwara Nagara,ಸೋಮೇಶ್ವರ ನಗರ,36 - Someshwara Nagara,18863.0,9580.0,9243.0,1521.0,754.0,767.0,335.0,163.0,172.0,18853,28280,4,RO - Chickpet,12,ARO- Hombegowda Nagar,Zone2,Gandhinagara
ward_369_final.269,Central,ಕೇಂದ್ರ,1,Chickpet,ಚಿಕ್ಕಪೇಟೆ,169,169 - Chickpet,37,BHEL Ward,ಬಿಎಚ್‌ಇಎಲ್ ವಾರ್ಡ್,37 - BHEL Ward,19336.0,9975.0,9361.0,3201.0,1685.0,1516.0,355.0,185.0,170.0,18853,28280,4,RO - Chickpet,12,ARO- Hombegowda Nagar,Zone2,Gandhinagara
ward_369_final.353,West,ಪಶ್ಚಿಮ,5,Mahalakshmi Layout,ಮಹಾಲಕ್ಷ್ಮಿ ಲೇಔಟ್,156,156 - Mahalakshmi Layout,37,Dr. Puneeth Rajkumar Ward,ಡಾ. ಪುನೀತ್ ರಾಜ್‌ಕುಮಾರ್ ವಾರ್ಡ್,37 - Dr. Puneeth Rajkumar Ward,25126.0,13173.0,11953.0,3421.0,1764.0,1657.0,440.0,218.0,222.0,18949,28424,5,RO- Mahalakshmi Layout,17,ARO- Nandhini Layout,Zone1,Rajarajeshwarinagar
ward_369_final.126,North,ಉತ್ತರ,2,Sarvagnanagar,ಸರ್ವಜ್ಞನಗರ,160,160 - Sarvagnanagar,37,Jeevanahalli,ಜೀವನಹಳ್ಳಿ,37 - Jeevanahalli,28142.0,14160.0,13982.0,9144.0,4616.0,4528.0,286.0,152.0,134.0,19943,29914,10,RO- Maruthi Sevanagar,27,ARO- Maruthi Sevanagar,Zone1,Byatarayanapura
ward_369_final.229,East,ಪೂರ್ವ,3,Mahadevapura,ಮಹದೇವಪುರ,174,174 - Mahadevapura,37,Kundalahalli,ಕುಂದಲಹಳ್ಳಿ,37 - Kundalahalli,18217.0,9641.0,8576.0,2325.0,1211.0,1114.0,431.0,224.0,207.0,14567,21851,5,RO- Bellanduru,15,ARO- Varthur,Zone1,Mahadevapura
ward_369_final.65,South,ದಕ್ಷಿಣ,4,Bangalore South,ಬೆಂಗಳೂರು ದಕ್ಷಿಣ,176,176 - Bangalore South,37,Yelenahalli,ಯೆಲೇನಹಳ್ಳಿ,37 - Yelenahalli,18609.0,9923.0,8636.0,1636.0,833.0,803.0,156.0,87.0,69.0,18594,27891,5,RO- Beguru,11,ARO- Beguru,Zone1,Jayanagar
ward_369_final.71,South,ದಕ್ಷಿಣ,4,Bangalore South,ಬೆಂಗಳೂರು ದಕ್ಷಿಣ,176,176 - Bangalore South,38,Doddakammanahalli,ದೊಡ್ಡಕಮ್ಮನಹಳ್ಳಿ,38 - Doddakammanahalli,19891.0,10461.0,9479.0,2339.0,1154.0,1185.0,515.0,260.0,255.0,18594,27891,5,RO- Beguru,13,ARO- Gottigere,Zone1,Jayanagar
ward_369_final.90,Central,ಕೇಂದ್ರ,1,Chickpet,ಚಿಕ್ಕಪೇಟೆ,169,169 - Chickpet,38,Kanakanapalya,ಕನಕನಪಾಳ್ಯ,38 - Kanakanapalya,20054.0,10042.0,10053.0,2136.0,1045.0,1091.0,285.0,140.0,145.0,18853,28280,4,RO - Chickpet,10,ARO- Ashoka Pillar,Zone2,Gandhinagara
ward_369_final.211,West,ಪಶ್ಚಿಮ,5,Mahalakshmi Layout,ಮಹಾಲಕ್ಷ್ಮಿ ಲೇಔಟ್,156,156 - Mahalakshmi Layout,38,Nandini Layout,ನಂದಿನಿ ಲೇಔಟ್,38 - Nandini Layout,19639.0,10166.0,9474.0,2206.0,1089.0,1117.0,371.0,189.0,182.0,18949,28424,5,RO- Mahalakshmi Layout,17,ARO- Nandhini Layout,Zone1,Rajarajeshwarinagar
ward_369_final.145,North,ಉತ್ತರ,2,Pulakeshinagar,ಪುಲಕೇಶಿನಗರ,159,159 - Pulakeshinagar,38,Shampura,ಶಾಂಪುರ,38 - Shampura,21846.0,11091.0,10755.0,2730.0,1373.0,1357.0,309.0,161.0,148.0,19943,29914,6,RO- Kavalbyrasandra,15,ARO- Kavalbyrasandra,Zone1,Byatarayanapura
ward_369_final.233,East,ಪೂರ್ವ,3,Mahadevapura,ಮಹದೇವಪುರ,174,174 - Mahadevapura,38,Whitefield,ವೈಟ್‌ಫೀಲ್ಡ್,38 - Whitefield,20265.0,10389.0,9876.0,2050.0,1039.0,1011.0,280.0,144.0,136.0,14567,21851,6,RO- Hoodi,18,ARO- Whitefield,Zone1,Mahadevapura
ward_369_final.25,South,ದಕ್ಷಿಣ,4,Bangalore South,ಬೆಂಗಳೂರು ದಕ್ಷಿಣ,176,176 - Bangalore South,39,Gottigere,ಗೊಟ್ಟಿಗೆರೆ,39 - Gottigere,21839.0,11180.0,10659.0,2795.0,1344.0,1451.0,252.0,127.0,126.0,18594,27891,5,RO- Beguru,13,ARO- Gottigere,Zone1,Jayanagar
ward_369_final.40,East,ಪೂರ್ವ,3,Mahadevapura,ಮಹದೇವಪುರ,174,174 - Mahadevapura,39,Hagaduru,ಹಗದೂರು,39 - Hagaduru,15105.0,7936.0,7169.0,1275.0,661.0,613.0,281.0,138.0,142.0,14567,21851,6,RO- Hoodi,18,ARO- Whitefield,Zone1,Mahadevapura
ward_369_final.358,West,ಪಶ್ಚಿಮ,5,Mahalakshmi Layout,ಮಹಾಲಕ್ಷ್ಮಿ ಲೇಔಟ್,156,156 - Mahalakshmi Layout,39,Jai Maruthi Nagar,ಜೈ ಮಾರುತಿ ನಗರ,39 - Jai Maruthi Nagar,27166.0,13919.0,13247.0,1754.0,915.0,839.0,502.0,266.0,236.0,18949,28424,5,RO- Mahalakshmi Layout,16,ARO- Mahalakshmipuram,Zone1,Rajarajeshwarinagar
ward_369_final.127,North,ಉತ್ತರ,2,Pulakeshinagar,ಪುಲಕೇಶಿನಗರ,159,159 - Pulakeshinagar,39,Kaval Byrasandra,ಕಾವಲ್ ಬೈರಸಂದ್ರ,39 - Kaval Byrasandra,21965.0,11183.0,10781.0,2529.0,1280.0,1250.0,362.0,176.0,186.0,19943,29914,6,RO- Kavalbyrasandra,15,ARO- Kavalbyrasandra,Zone1,Byatarayanapura
ward_369_final.274,Central,ಕೇಂದ್ರ,1,Chickpet,ಚಿಕ್ಕಪೇಟೆ,169,169 - Chickpet,39,Venkat Reddy Nagara,ವೆಂಕಟ ರೆಡ್ಡಿ ನಗರ,39 - Venkat Reddy Nagara,18888.0,9496.0,9392.0,5627.0,2799.0,2829.0,419.0,211.0,208.0,18853,28280,4,RO - Chickpet,10,ARO- Ashoka Pillar,Zone2,Gandhinagara
ward_369_final.26,East,ಪೂರ್ವ,3,K.R. Pura,ಕೆ.ಆರ್. ಪುರ,151,151 - K.R. Pura,4,Babusab Palya,ಬಾಬುಸಾಬ್ ಪಾಳ್ಯ,4 - Babusab Palya,19361.0,9933.0,9428.0,1899.0,937.0,962.0,238.0,122.0,115.0,14567,21851,1,RO- Horamavu,1,ARO- Chellakere,Zone2,K.R. Pura
ward_369_final.27,South,ದಕ್ಷಿಣ,4,Padmanabanagar,ಪದ್ಮನಾಭನಗರ,171,171 - Padmanabanagar,4,Banashankari Temple Ward,ಬನಶಂಕರಿ ದೇವಸ್ಥಾನ ವಾರ್ಡ್,4 - Banashankari Temple Ward,22549.0,11525.0,11024.0,1334.0,705.0,629.0,814.0,407.0,407.0,18594,27891,11,RO- Padmanabhanagara,28,ARO- Banashankari,Zone1,Jayanagar
ward_369_final.97,North,ಉತ್ತರ,2,Yelahanka,ಯಲಹಂಕ,150,150 - Yelahanka,4,Nyayanga Badavane,ನ್ಯಾಯಾಂಗ ಬಡಾವಣೆ,4 - Nyayanga Badavane,20006.0,10561.0,9446.0,4044.0,2066.0,1979.0,541.0,288.0,253.0,19943,29914,11,RO- Yelahanka,30,ARO- Yelahanka Satellite Town,Zone2,Yelahanka
ward_369_final.254,West,ಪಶ್ಚಿಮ,5,Dasarahalli,ದಾಸರಹಳ್ಳಿ,155,155 - Dasarahalli,4,Parvathi Nagar,ಪಾರ್ವತಿ ನಗರ,4 - Parvathi Nagar,20312.0,10983.0,9330.0,850.0,442.0,407.0,442.0,251.0,191.0,18949,28424,2,RO- Hegganahalli,7,ARO- Shivapura,Zone1,Rajarajeshwarinagar
ward_369_final.77,Central,ಕೇಂದ್ರ,1,Shivajinagar,ಶಿವಾಜಿನಗರ,162,162 - Shivajinagar,4,Sampangirama Nagar,ಸಂಪಂಗಿರಾಮ ನಗರ,4 - Sampangirama Nagar,27874.0,13872.0,14002.0,1810.0,884.0,926.0,224.0,92.0,132.0,18853,28280,7,RO- Shivajinagar,24,ARO- Vasanthanagar,Zone2,Gandhinagara
ward_369_final.51,South,ದಕ್ಷಿಣ,4,Bangalore South,ಬೆಂಗಳೂರು ದಕ್ಷಿಣ,176,176 - Bangalore South,40,Anjanapura,ಅಂಜನಾಪುರ,40 - Anjanapura,23865.0,12534.0,11331.0,2858.0,1472.0,1386.0,352.0,190.0,162.0,18594,27891,4,RO- Anjanapura,7,ARO- Anjanapura,Zone1,Jayanagar
ward_369_final.268,Central,ಕೇಂದ್ರ,1,Chickpet,ಚಿಕ್ಕಪೇಟೆ,169,169 - Chickpet,40,Ashoka Pillar,ಅಶೋಕ ಪಿಲ್ಲರ್‌,40 - Ashoka Pillar,18989.0,9563.0,9426.0,748.0,376.0,372.0,399.0,202.0,197.0,18853,28280,4,RO - Chickpet,10,ARO- Ashoka Pillar,Zone2,Gandhinagara
ward_369_final.340,West,ಪಶ್ಚಿಮ,5,Mahalakshmi Layout,ಮಹಾಲಕ್ಷ್ಮಿ ಲೇಔಟ್,156,156 - Mahalakshmi Layout,40,Mahalakshmipuram,ಮಹಾಲಕ್ಷ್ಮಿಪುರಂ,40 - Mahalakshmipuram,28125.0,14610.0,13515.0,2802.0,1388.0,1414.0,316.0,152.0,165.0,18949,28424,5,RO- Mahalakshmi Layout,16,ARO- Mahalakshmipuram,Zone1,Rajarajeshwarinagar
ward_369_final.312,North,ಉತ್ತರ,2,Pulakeshinagar,ಪುಲಕೇಶಿನಗರ,159,159 - Pulakeshinagar,40,Shakthi Nagar,ಶಕ್ತಿ ನಗರ,40 - Shakthi Nagar,20035.0,10172.0,9863.0,2504.0,1280.0,1223.0,65.0,28.0,37.0,19943,29914,7,RO- Pulikeshinagar,17,ARO - Kushal Nagar,Zone1,Byatarayanapura
ward_369_final.223,East,ಪೂರ್ವ,3,Mahadevapura,ಮಹದೇವಪುರ,174,174 - Mahadevapura,40,Varthur,ವರ್ತೂರು,40 - Varthur,20908.0,10720.0,10188.0,3143.0,1609.0,1534.0,292.0,152.0,140.0,14567,21851,5,RO- Bellanduru,15,ARO- Varthur,Zone1,Mahadevapura
ward_369_final.69,South,ದಕ್ಷಿಣ,4,Bangalore South,ಬೆಂಗಳೂರು ದಕ್ಷಿಣ,176,176 - Bangalore South,41,Kothanur,ಕೊತ್ತನೂರು,41 - Kothanur,23161.0,11793.0,11368.0,3165.0,1603.0,1562.0,489.0,243.0,245.0,18594,27891,5,RO- Beguru,12,ARO- Bheereshwara Nagara,Zone1,Jayanagar
ward_369_final.224,East,ಪೂರ್ವ,3,Mahadevapura,ಮಹದೇವಪುರ,174,174 - Mahadevapura,41,Munnenkolalu,ಮುನ್ನೇನಕೊಳಲು,41 - Munnenkolalu,20977.0,11891.0,9086.0,1775.0,964.0,811.0,444.0,276.0,168.0,14567,21851,7,RO- Marathahalli,22,ARO- Munnekolalu,Zone1,Mahadevapura
ward_369_final.247,West,ಪಶ್ಚಿಮ,5,Mahalakshmi Layout,ಮಹಾಲಕ್ಷ್ಮಿ ಲೇಔಟ್,156,156 - Mahalakshmi Layout,41,Nagapura,ನಾಗಪುರ,41 - Nagapura,26591.0,13419.0,13172.0,1680.0,850.0,829.0,398.0,199.0,199.0,18949,28424,5,RO- Mahalakshmi Layout,16,ARO- Mahalakshmipuram,Zone1,Rajarajeshwarinagar
ward_369_final.53,North,ಉತ್ತರ,2,Pulakeshinagar,ಪುಲಕೇಶಿನಗರ,159,159 - Pulakeshinagar,41,Periyar Nagar,ಪೆರಿಯಾರ್ ನಗರ,41 - Periyar Nagar,19963.0,9999.0,9664.0,3541.0,1793.0,1748.0,79.0,40.0,38.0,19943,29914,7,RO- Pulikeshinagar,17,ARO - Kushal Nagar,Zone1,Byatarayanapura
ward_369_final.16,Central,ಕೇಂದ್ರ,1,Chickpet,ಚಿಕ್ಕಪೇಟೆ,169,169 - Chickpet,41,V.V Puram,ವಿ.ವಿ. ಪುರಂ,41 - V.V Puram,19813.0,9965.0,9848.0,1271.0,615.0,655.0,481.0,238.0,243.0,18853,28280,4,RO - Chickpet,13,ARO- V.V Puram,Zone2,Gandhinagara
ward_369_final.128,North,ಉತ್ತರ,2,Pulakeshinagar,ಪುಲಕೇಶಿನಗರ,159,159 - Pulakeshinagar,42,Aruna Asif Ali Ward,ಅರುಣಾ ಆಸಿಫ್ ಅಲಿ ವಾರ್ಡ್,42 - Aruna Asif Ali Ward,29461.0,15018.0,14593.0,6281.0,3141.0,3141.0,484.0,250.0,234.0,19943,29914,6,RO- Kavalbyrasandra,16,ARO- Varalakshmi Nagar,Zone1,Byatarayanapura
ward_369_final.100,East,ಪೂರ್ವ,3,Mahadevapura,ಮಹದೇವಪುರ,174,174 - Mahadevapura,42,Priyadarshini Ward,ಪ್ರಿಯದರ್ಶಿನಿ ವಾರ್ಡ್,42 - Priyadarshini Ward,16847.0,8595.0,8253.0,619.0,324.0,296.0,276.0,144.0,131.0,14567,21851,7,RO- Marathahalli,22,ARO- Munnekolalu,Zone1,Mahadevapura
ward_369_final.38,South,ದಕ್ಷಿಣ,4,Bangalore South,ಬೆಂಗಳೂರು ದಕ್ಷಿಣ,176,176 - Bangalore South,42,RBI Layout,ಆರ್‌ಬಿಐ ಲೇಔಟ್,42 - RBI Layout,22569.0,11395.0,11174.0,275.0,141.0,135.0,216.0,103.0,113.0,18594,27891,5,RO- Beguru,12,ARO- Bheereshwara Nagara,Zone1,Jayanagar
ward_369_final.349,West,ಪಶ್ಚಿಮ,5,Mahalakshmi Layout,ಮಹಾಲಕ್ಷ್ಮಿ ಲೇಔಟ್,156,156 - Mahalakshmi Layout,42,Raja Mayura Varma Ward,ರಾಜ ಮಯೂರ ವರ್ಮಾ ವಾರ್ಡ್,42 - Raja Mayura Varma Ward,27523.0,14371.0,13152.0,896.0,454.0,441.0,279.0,148.0,131.0,18949,28424,5,RO- Mahalakshmi Layout,18,ARO- Shankar Mutt,Zone1,Rajarajeshwarinagar
ward_369_final.285,Central,ಕೇಂದ್ರ,1,Chickpet,ಚಿಕ್ಕಪೇಟೆ,169,169 - Chickpet,42,Sunkenahalli,ಸುಂಕೇನಹಳ್ಳಿ,42 - Sunkenahalli,21179.0,10743.0,10436.0,273.0,154.0,119.0,131.0,65.0,67.0,18853,28280,4,RO - Chickpet,13,ARO- V.V Puram,Zone2,Gandhinagara
ward_369_final.37,South,ದಕ್ಷಿಣ,4,Bangalore South,ಬೆಂಗಳೂರು ದಕ್ಷಿಣ,176,176 - Bangalore South,43,Bheereshwara Nagar,ಭೀರೇಶ್ವರ ನಗರ,43 - Bheereshwara Nagar,26950.0,14126.0,12824.0,1337.0,694.0,643.0,245.0,122.0,123.0,18594,27891,5,RO- Beguru,12,ARO- Bheereshwara Nagara,Zone1,Jayanagar
ward_369_final.253,Central,ಕೇಂದ್ರ,1,Chickpet,ಚಿಕ್ಕಪೇಟೆ,169,169 - Chickpet,43,Devaraj Urs Ward,ದೇವರಾಜ ಅರಸು ವಾರ್ಡ್‌,43 - Devaraj Urs Ward,19525.0,9934.0,9592.0,1201.0,594.0,607.0,247.0,118.0,129.0,18853,28280,4,RO - Chickpet,13,ARO- V.V Puram,Zone2,Gandhinagara
ward_369_final.237,East,ಪೂರ್ವ,3,Mahadevapura,ಮಹದೇವಪುರ,174,174 - Mahadevapura,43,Dodda Nekkundi,ದೊಡ್ಡ ನೆಕ್ಕುಂಡಿ,43 - Dodda Nekkundi,16961.0,8921.0,8040.0,1518.0,778.0,740.0,250.0,121.0,129.0,14567,21851,7,RO- Marathahalli,19,ARO- Doddane Kundi,Zone1,Mahadevapura
ward_369_final.342,West,ಪಶ್ಚಿಮ,5,Mahalakshmi Layout,ಮಹಾಲಕ್ಷ್ಮಿ ಲೇಔಟ್,156,156 - Mahalakshmi Layout,43,Kethamaranahalli,ಕೇತಮಾರನಹಳ್ಳಿ,43 - Kethamaranahalli,28154.0,14315.0,13839.0,1329.0,649.0,680.0,346.0,170.0,176.0,18949,28424,5,RO- Mahalakshmi Layout,18,ARO- Shankar Mutt,Zone1,Rajarajeshwarinagar
ward_369_final.179,North,ಉತ್ತರ,2,Pulakeshinagar,ಪುಲಕೇಶಿನಗರ,159,159 - Pulakeshinagar,43,Varalakshmi Nagar,ವರಲಕ್ಷ್ಮಿ ನಗರ,43 - Varalakshmi Nagar,26578.0,13527.0,13052.0,2711.0,1363.0,1348.0,237.0,116.0,121.0,19943,29914,6,RO- Kavalbyrasandra,16,ARO- Varalakshmi Nagar,Zone1,Byatarayanapura
ward_369_final.244,East,ಪೂರ್ವ,3,Mahadevapura,ಮಹದೇವಪುರ,174,174 - Mahadevapura,44,Ashwath Nagar,ಅಶ್ವಥ್ ನಗರ,44 - Ashwath Nagar,15851.0,8359.0,7491.0,3638.0,1827.0,1812.0,515.0,254.0,261.0,14567,21851,7,RO- Marathahalli,21,ARO- Marathahalli,Zone1,Mahadevapura
ward_369_final.292,Central,ಕೇಂದ್ರ,1,Chamrajapet,ಚಾಮರಾಜಪೇಟೆ,168,168 - Chamrajapet,44,Chamarajpet,ಚಾಮರಾಜಪೇಟೆ,44 - Chamarajpet,25619.0,13095.0,12523.0,668.0,374.0,294.0,379.0,213.0,167.0,18853,28280,3,RO - Chamrajapet,7,ARO- Chamarajpet,Zone2,Gandhinagara
ward_369_final.149,North,ಉತ್ತರ,2,Pulakeshinagar,ಪುಲಕೇಶಿನಗರ,159,159 - Pulakeshinagar,44,Doddanna Nagar,ದೊಡ್ಡಣ್ಣ ನಗರ,44 - Doddanna Nagar,29566.0,15106.0,14609.0,6938.0,3526.0,3413.0,429.0,219.0,210.0,19943,29914,7,RO- Pulikeshinagar,19,ARO- Sagayapuram,Zone1,Byatarayanapura
ward_369_final.31,South,ದಕ್ಷಿಣ,4,Bangalore South,ಬೆಂಗಳೂರು ದಕ್ಷಿಣ,176,176 - Bangalore South,44,Harinagar,ಹರಿನಗರ,44 - Harinagar,21893.0,11291.0,10601.0,1509.0,771.0,738.0,217.0,109.0,108.0,18594,27891,4,RO- Anjanapura,8,ARO- Konanakunte,Zone1,Jayanagar
ward_369_final.350,West,ಪಶ್ಚಿಮ,5,Mahalakshmi Layout,ಮಹಾಲಕ್ಷ್ಮಿ ಲೇಔಟ್,156,156 - Mahalakshmi Layout,44,Shankar Mutt,ಶಂಕರ ಮಠ,44 - Shankar Mutt,28358.0,14578.0,13779.0,3191.0,1653.0,1538.0,428.0,213.0,215.0,18949,28424,5,RO- Mahalakshmi Layout,18,ARO- Shankar Mutt,Zone1,Rajarajeshwarinagar
ward_369_final.270,Central,ಕೇಂದ್ರ,1,Chamrajapet,ಚಾಮರಾಜಪೇಟೆ,168,168 - Chamrajapet,45,K.R Market,ಕೆ.ಆರ್. ಮಾರುಕಟ್ಟೆ,45 - K.R Market,22413.0,11685.0,10728.0,4963.0,2481.0,2482.0,251.0,119.0,133.0,18853,28280,3,RO - Chamrajapet,7,ARO- Chamarajpet,Zone2,Gandhinagara
ward_369_final.29,South,ದಕ್ಷಿಣ,4,Bangalore South,ಬೆಂಗಳೂರು ದಕ್ಷಿಣ,176,176 - Bangalore South,45,Konanakunte,ಕೋಣನಕುಂಟೆ,45 - Konanakunte,20525.0,10604.0,9921.0,1590.0,843.0,747.0,193.0,96.0,97.0,18594,27891,4,RO- Anjanapura,8,ARO- Konanakunte,Zone1,Jayanagar
ward_369_final.130,North,ಉತ್ತರ,2,Pulakeshinagar,ಪುಲಕೇಶಿನಗರ,159,159 - Pulakeshinagar,45,Kushal Nagar,ಕುಶಾಲ್ ನಗರ,45 - Kushal Nagar,19954.0,10106.0,9788.0,2913.0,1446.0,1467.0,569.0,295.0,274.0,19943,29914,7,RO- Pulikeshinagar,17,ARO - Kushal Nagar,Zone1,Byatarayanapura
ward_369_final.48,East,ಪೂರ್ವ,3,Mahadevapura,ಮಹದೇವಪುರ,174,174 - Mahadevapura,45,Marathahalli,ಮಾರತಹಳ್ಳಿ,45 - Marathahalli,17823.0,10496.0,7327.0,1250.0,655.0,595.0,188.0,101.0,88.0,14567,21851,7,RO- Marathahalli,21,ARO- Marathahalli,Zone1,Mahadevapura
ward_369_final.344,West,ಪಶ್ಚಿಮ,5,Mahalakshmi Layout,ಮಹಾಲಕ್ಷ್ಮಿ ಲೇಔಟ್,156,156 - Mahalakshmi Layout,45,Shakthi Ganapathi Nagara,ಶಕ್ತಿ ಗಣಪತಿ ನಗರ,45 - Shakthi Ganapathi Nagara,20838.0,10695.0,10143.0,3350.0,1731.0,1618.0,263.0,135.0,128.0,18949,28424,5,RO- Mahalakshmi Layout,15,ARO- Kamalanagara,Zone1,Rajarajeshwarinagar
ward_369_final.252,Central,ಕೇಂದ್ರ,1,Chamrajapet,ಚಾಮರಾಜಪೇಟೆ,168,168 - Chamrajapet,46,Cheluvadi Palya,ಚೆಲುವಾದಿ ಪಾಳ್ಯ,46 - Cheluvadi Palya,21019.0,10603.0,10415.0,10480.0,5197.0,5284.0,192.0,92.0,100.0,18853,28280,3,RO - Chamrajapet,7,ARO- Chamarajpet,Zone2,Gandhinagara
ward_369_final.359,West,ಪಶ್ಚಿಮ,5,Mahalakshmi Layout,ಮಹಾಲಕ್ಷ್ಮಿ ಲೇಔಟ್,156,156 - Mahalakshmi Layout,46,Kamalanagara,ಕಮಲಾನಗರ,46 - Kamalanagara,28196.0,14749.0,13447.0,3398.0,1730.0,1668.0,383.0,207.0,176.0,18949,28424,5,RO- Mahalakshmi Layout,15,ARO- Kamalanagara,Zone1,Rajarajeshwarinagar
ward_369_final.141,North,ಉತ್ತರ,2,Pulakeshinagar,ಪುಲಕೇಶಿನಗರ,159,159 - Pulakeshinagar,46,Sagayapuram,ಸಗಾಯಪುರಂ,46 - Sagayapuram,28588.0,14196.0,14452.0,8522.0,4182.0,4340.0,295.0,140.0,154.0,19943,29914,7,RO- Pulikeshinagar,19,ARO- Sagayapuram,Zone1,Byatarayanapura
ward_369_final.6,East,ಪೂರ್ವ,3,Mahadevapura,ಮಹದೇವಪುರ,174,174 - Mahadevapura,46,Yamalur,ಯಮಲೂರು,46 - Yamalur,17526.0,9949.0,7577.0,2695.0,1359.0,1337.0,360.0,198.0,162.0,14567,21851,5,RO- Bellanduru,13,ARO- Bellanduru,Zone1,Mahadevapura
ward_369_final.64,South,ದಕ್ಷಿಣ,4,Bangalore South,ಬೆಂಗಳೂರು ದಕ್ಷಿಣ,176,176 - Bangalore South,46,Yelachenahalli,ಯೆಲಚೇನಹಳ್ಳಿ,46 - Yelachenahalli,23953.0,12487.0,11466.0,1040.0,541.0,499.0,236.0,121.0,114.0,18594,27891,4,RO- Anjanapura,10,ARO- Yelachenahalli,Zone1,Jayanagar
ward_369_final.200,East,ಪೂರ್ವ,3,Mahadevapura,ಮಹದೇವಪುರ,174,174 - Mahadevapura,47,Bellanduru,ಬೆಳ್ಳಂದೂರು,47 - Bellanduru,16685.0,9216.0,7469.0,741.0,370.0,371.0,453.0,243.0,210.0,14567,21851,5,RO- Bellanduru,13,ARO- Bellanduru,Zone1,Mahadevapura
ward_369_final.194,South,ದಕ್ಷಿಣ,4,Bangalore South,ಬೆಂಗಳೂರು ದಕ್ಷಿಣ,176,176 - Bangalore South,47,Chandranagara,ಚಂದ್ರನಗರ,47 - Chandranagara,22054.0,11650.0,10404.0,1783.0,915.0,868.0,190.0,101.0,88.0,18594,27891,4,RO- Anjanapura,10,ARO- Yelachenahalli,Zone1,Jayanagar
ward_369_final.368,Central,ಕೇಂದ್ರ,1,Chamrajapet,ಚಾಮರಾಜಪೇಟೆ,168,168 - Chamrajapet,47,IPD Salappa Ward,ಐಪಿಡಿ ಸಾಲಪ್ಪ ವಾರ್ಡ್,47 - IPD Salappa Ward,20622.0,10479.0,10143.0,10739.0,5314.0,5425.0,219.0,116.0,103.0,18853,28280,3,RO - Chamrajapet,6,ARO- Azad Nagar,Zone2,Gandhinagara
ward_369_final.134,North,ಉತ್ತರ,2,Pulakeshinagar,ಪುಲಕೇಶಿನಗರ,159,159 - Pulakeshinagar,47,Pulakeshi Nagar,ಪುಲಕೇಶಿ ನಗರ,47 - Pulakeshi Nagar,21148.0,10628.0,10520.0,1328.0,673.0,655.0,325.0,164.0,161.0,19943,29914,7,RO- Pulikeshinagar,18,ARO- Pulikeshinagar,Zone1,Byatarayanapura
ward_369_final.360,West,ಪಶ್ಚಿಮ,5,Mahalakshmi Layout,ಮಹಾಲಕ್ಷ್ಮಿ ಲೇಔಟ್,156,156 - Mahalakshmi Layout,47,Vrishabhavathi Nagar,ವೃಷಭಾವತಿ ನಗರ,47 - Vrishabhavathi Nagar,28346.0,15273.0,13074.0,508.0,275.0,233.0,483.0,260.0,222.0,18949,28424,5,RO- Mahalakshmi Layout,15,ARO- Kamalanagara,Zone1,Rajarajeshwarinagar
ward_369_final.364,Central,ಕೇಂದ್ರ,1,Chamrajapet,ಚಾಮರಾಜಪೇಟೆ,168,168 - Chamrajapet,48,Azad Nagar,ಆಜಾದ್ ನಗರ,48 - Azad Nagar,20270.0,10260.0,10010.0,1446.0,737.0,709.0,956.0,479.0,477.0,18853,28280,3,RO - Chamrajapet,6,ARO- Azad Nagar,Zone2,Gandhinagara
ward_369_final.173,West,ಪಶ್ಚಿಮ,5,Malleshwaram,ಮಲ್ಲೇಶ್ವರಂ,157,157 - Malleshwaram,48,Mathikere,ಮತ್ತಿಕೆರೆ,48 - Mathikere,26058.0,13520.0,12539.0,2930.0,1486.0,1444.0,548.0,274.0,274.0,18949,28424,6,RO- Malleshwaram,20,ARO- Mathikere,Zone2,Malleshwaram
ward_369_final.246,East,ಪೂರ್ವ,3,Mahadevapura,ಮಹದೇವಪುರ,174,174 - Mahadevapura,48,Panathur,ಪಣತ್ತೂರು,48 - Panathur,14766.0,8426.0,6340.0,3791.0,1901.0,1890.0,294.0,160.0,133.0,14567,21851,5,RO- Bellanduru,14,ARO- Gunjur,Zone1,Mahadevapura
ward_369_final.138,North,ಉತ್ತರ,2,Pulakeshinagar,ಪುಲಕೇಶಿನಗರ,159,159 - Pulakeshinagar,48,S.K Garden,ಎಸ್.ಕೆ. ಗಾರ್ಡನ್,48 - S.K Garden,20102.0,9978.0,10124.0,3287.0,1620.0,1667.0,268.0,134.0,134.0,19943,29914,7,RO- Pulikeshinagar,18,ARO- Pulikeshinagar,Zone1,Byatarayanapura
ward_369_final.106,South,ದಕ್ಷಿಣ,4,Bangalore South,ಬೆಂಗಳೂರು ದಕ್ಷಿಣ,176,176 - Bangalore South,48,Vasanthapura,ವಸಂತಪುರ,48 - Vasanthapura,22830.0,11987.0,10843.0,2972.0,1544.0,1428.0,499.0,264.0,236.0,18594,27891,4,RO- Anjanapura,8,ARO- Konanakunte,Zone1,Jayanagar
ward_369_final.92,West,ಪಶ್ಚಿಮ,5,Malleshwaram,ಮಲ್ಲೇಶ್ವರಂ,157,157 - Malleshwaram,49,Aramane Nagara,ಅರಮನೆ ನಗರ,49 - Aramane Nagara,26145.0,13738.0,12407.0,2437.0,1247.0,1190.0,436.0,229.0,207.0,18949,28424,6,RO- Malleshwaram,20,ARO- Mathikere,Zone2,Malleshwaram
ward_369_final.113,North,ಉತ್ತರ,2,Hebbal,ಹೆಬ್ಬಾಳ,158,158 - Hebbal,49,Jaya Chamarajendra Nagara,ಜಯ ಚಾಮರಾಜೇಂದ್ರ ನಗರ,49 - Jaya Chamarajendra Nagara,25953.0,13141.0,12811.0,2285.0,1164.0,1121.0,247.0,124.0,123.0,19943,29914,5,RO- R.T Nagar,13,ARO- R.T Nagar,Zone2,Yelahanka
ward_369_final.87,Central,ಕೇಂದ್ರ,1,Chamrajapet,ಚಾಮರಾಜಪೇಟೆ,168,168 - Chamrajapet,49,Kasturbha Nagar,ಕಸ್ತೂರ ಬಾ ವಾರ್ಡ್‌,49 - Kasturbha Nagar,24488.0,12516.0,11971.0,1425.0,697.0,728.0,672.0,331.0,341.0,18853,28280,3,RO - Chamrajapet,6,ARO- Azad Nagar,Zone2,Gandhinagara
ward_369_final.205,East,ಪೂರ್ವ,3,Mahadevapura,ಮಹದೇವಪುರ,174,174 - Mahadevapura,49,Shivanasamudra Ward,ಶಿವನಸಮುದ್ರ ವಾರ್ಡ್,49 - Shivanasamudra Ward,15012.0,8198.0,6814.0,1608.0,834.0,774.0,286.0,156.0,130.0,14567,21851,5,RO- Bellanduru,14,ARO- Gunjur,Zone1,Mahadevapura
ward_369_final.63,South,ದಕ್ಷಿಣ,4,Bangalore South,ಬೆಂಗಳೂರು ದಕ್ಷಿಣ,176,176 - Bangalore South,49,Uttarahalli,ಉತ್ತರಹಳ್ಳಿ,49 - Uttarahalli,25302.0,13208.0,12094.0,3474.0,1757.0,1717.0,601.0,304.0,297.0,18594,27891,4,RO- Anjanapura,9,ARO- Uttarahalli,Zone1,Jayanagar
ward_369_final.196,East,ಪೂರ್ವ,3,K.R. Pura,ಕೆ.ಆರ್. ಪುರ,151,151 - K.R. Pura,5,Hoysala Nagara East,ಹೊಯ್ಸಳ ನಗರ ಪೂರ್ವ,5 - Hoysala Nagara East,18244.0,9566.0,8678.0,2204.0,1144.0,1061.0,545.0,290.0,256.0,14567,21851,1,RO- Horamavu,3,ARO- Kalkere,Zone2,K.R. Pura
ward_369_final.45,South,ದಕ್ಷಿಣ,4,Padmanabanagar,ಪದ್ಮನಾಭನಗರ,171,171 - Padmanabanagar,5,Kane Muneshwara Ward,ಕಾನೆ ಮುನೇಶ್ವರ ವಾರ್ಡ್,5 - Kane Muneshwara Ward,22022.0,11400.0,10622.0,1240.0,612.0,627.0,203.0,98.0,105.0,18594,27891,11,RO- Padmanabhanagara,28,ARO- Banashankari,Zone1,Jayanagar
ward_369_final.318,West,ಪಶ್ಚಿಮ,5,Dasarahalli,ದಾಸರಹಳ್ಳಿ,155,155 - Dasarahalli,5,Rajeshwarinagar,ರಾಜೇಶ್ವರಿನಗರ,5 - Rajeshwarinagar,25418.0,13734.0,11684.0,1712.0,876.0,836.0,636.0,322.0,314.0,18949,28424,2,RO- Hegganahalli,5,ARO- Hegganahalli,Zone1,Rajarajeshwarinagar
ward_369_final.256,Central,ಕೇಂದ್ರ,1,Shivajinagar,ಶಿವಾಜಿನಗರ,162,162 - Shivajinagar,5,Shivajinagar,ಶಿವಾಜಿನಗರ,5 - Shivajinagar,25484.0,13018.0,12466.0,1300.0,619.0,681.0,127.0,74.0,53.0,18853,28280,7,RO- Shivajinagar,23,ARO- Shivajinagar,Zone2,Gandhinagara
ward_369_final.61,North,ಉತ್ತರ,2,Yelahanka,ಯಲಹಂಕ,150,150 - Yelahanka,5,Yelahanka Satellite Town,ಯಲಹಂಕ ಸ್ಯಾಟಲೈಟ್‌ ಟೌನ್‌,5 - Yelahanka Satellite Town,29889.0,15351.0,14528.0,3050.0,1534.0,1516.0,800.0,402.0,397.0,19943,29914,11,RO- Yelahanka,30,ARO- Yelahanka Satellite Town,Zone2,Yelahanka
ward_369_final.33,North,ಉತ್ತರ,2,Hebbal,ಹೆಬ್ಬಾಳ,158,158 - Hebbal,50,Dinnur,ದಿಣ್ಣೂರು,50 - Dinnur,27395.0,14274.0,13111.0,1690.0,867.0,823.0,357.0,181.0,177.0,19943,29914,5,RO- R.T Nagar,13,ARO- R.T Nagar,Zone2,Yelahanka
ward_369_final.235,East,ಪೂರ್ವ,3,Mahadevapura,ಮಹದೇವಪುರ,174,174 - Mahadevapura,50,Gunjur,ಗುಂಜೂರು,50 - Gunjur,15085.0,7755.0,7330.0,2937.0,1490.0,1447.0,267.0,131.0,136.0,14567,21851,5,RO- Bellanduru,14,ARO- Gunjur,Zone1,Mahadevapura
ward_369_final.142,Central,ಕೇಂದ್ರ,1,Chamrajapet,ಚಾಮರಾಜಪೇಟೆ,168,168 - Chamrajapet,50,JJR Nagara,ಜೆಜೆಆರ್ ನಗರ,50 - JJR Nagara,27850.0,14231.0,13618.0,3716.0,1864.0,1852.0,300.0,155.0,145.0,18853,28280,3,RO - Chamrajapet,8,ARO- JJR Nagar,Zone2,Gandhinagara
ward_369_final.363,West,ಪಶ್ಚಿಮ,5,Malleshwaram,ಮಲ್ಲೇಶ್ವರಂ,157,157 - Malleshwaram,50,Sadashiva Nagara,ಸದಾಶಿವ ನಗರ,50 - Sadashiva Nagara,19596.0,10143.0,9453.0,1777.0,925.0,853.0,483.0,249.0,234.0,18949,28424,6,RO- Malleshwaram,20,ARO- Mathikere,Zone2,Malleshwaram
ward_369_final.49,South,ದಕ್ಷಿಣ,4,Bangalore South,ಬೆಂಗಳೂರು ದಕ್ಷಿಣ,176,176 - Bangalore South,50,Sarvabhouma Nagar,ಸಾರ್ವಭೌಮ ನಗರ,50 - Sarvabhouma Nagar,25256.0,13049.0,12207.0,1254.0,624.0,629.0,572.0,310.0,262.0,18594,27891,4,RO- Anjanapura,9,ARO- Uttarahalli,Zone1,Jayanagar
ward_369_final.108,North,ಉತ್ತರ,2,Hebbal,ಹೆಬ್ಬಾಳ,158,158 - Hebbal,51,Manorayanapalya,ಮನೋರಾಯನಪಾಳ್ಯ,51 - Manorayanapalya,23684.0,12157.0,11528.0,1993.0,1035.0,959.0,243.0,130.0,113.0,19943,29914,5,RO- R.T Nagar,14,ARO- Vishwanatha Nagenahalli,Zone2,Yelahanka
ward_369_final.24,Central,ಕೇಂದ್ರ,1,Chamrajapet,ಚಾಮರಾಜಪೇಟೆ,168,168 - Chamrajapet,51,Old Guddadahalli,ಹಳೆ ಗುಡ್ಡದಹಳ್ಳಿ,51 - Old Guddadahalli,25228.0,12965.0,12263.0,739.0,360.0,379.0,43.0,23.0,20.0,18853,28280,3,RO - Chamrajapet,8,ARO- JJR Nagar,Zone2,Gandhinagara
ward_369_final.315,West,ಪಶ್ಚಿಮ,5,Malleshwaram,ಮಲ್ಲೇಶ್ವರಂ,157,157 - Malleshwaram,51,Rajamahal,ರಾಜಮಹಲ್,51 - Rajamahal,24705.0,12375.0,12400.0,3479.0,1692.0,1787.0,329.0,173.0,156.0,18949,28424,6,RO- Malleshwaram,21,ARO- Rajamahal,Zone2,Malleshwaram
ward_369_final.57,South,ದಕ್ಷಿಣ,4,Bangalore South,ಬೆಂಗಳೂರು ದಕ್ಷಿಣ,176,176 - Bangalore South,51,Subramanyapura,ಸುಬ್ರಹ್ಮಣ್ಯಪುರ,51 - Subramanyapura,27304.0,14134.0,13170.0,2715.0,1359.0,1356.0,433.0,231.0,202.0,18594,27891,4,RO- Anjanapura,9,ARO- Uttarahalli,Zone1,Jayanagar
ward_369_final.305,West,ಪಶ್ಚಿಮ,5,Malleshwaram,ಮಲ್ಲೇಶ್ವರಂ,157,157 - Malleshwaram,52,Kodandarampura,ಕೋದಂಡರಾಮಪುರ,52 - Kodandarampura,18962.0,9340.0,9552.0,822.0,430.0,391.0,149.0,74.0,76.0,18949,28424,6,RO- Malleshwaram,21,ARO- Rajamahal,Zone2,Malleshwaram
ward_369_final.55,Central,ಕೇಂದ್ರ,1,Chamrajapet,ಚಾಮರಾಜಪೇಟೆ,168,168 - Chamrajapet,52,Padarayanapura,ಪಾದರಾಯನಪುರ,52 - Padarayanapura,25833.0,13312.0,12521.0,364.0,182.0,182.0,128.0,71.0,57.0,18853,28280,3,RO - Chamrajapet,9,ARO- Padarayanapura,Zone2,Gandhinagara
ward_369_final.47,South,ದಕ್ಷಿಣ,4,Yeshwanthapura,ಯಶವಂತಪುರ,153,153 - Yeshwanthapura,52,Talagattapura,ತಲಘಟ್ಟಪುರ,52 - Talagattapura,23797.0,11887.0,10620.0,3135.0,1606.0,1529.0,401.0,212.0,189.0,18594,27891,4,RO- Anjanapura,7,ARO- Anjanapura,Zone1,Jayanagar
ward_369_final.76,North,ಉತ್ತರ,2,Hebbal,ಹೆಬ್ಬಾಳ,158,158 - Hebbal,52,Vishwanatha Nagenahalli,ವಿಶ್ವನಾಥ ನಾಗೇನಹಳ್ಳಿ,52 - Vishwanatha Nagenahalli,28859.0,15256.0,13603.0,2224.0,1115.0,1109.0,431.0,219.0,212.0,19943,29914,5,RO- R.T Nagar,14,ARO- Vishwanatha Nagenahalli,Zone2,Yelahanka
ward_369_final.191,South,ದಕ್ಷಿಣ,4,Bommanahalli,ಬೊಮ್ಮನಹಳ್ಳಿ,175,175 - Bommanahalli,53,Jaraganahalli,ಜರಗನಹಳ್ಳಿ,53 - Jaraganahalli,22646.0,11794.0,10852.0,1000.0,521.0,479.0,380.0,183.0,197.0,18594,27891,6,RO- Arakere,17,ARO- Jaraganahalli,Zone2,Bommanahalli
ward_369_final.355,West,ಪಶ್ಚಿಮ,5,Malleshwaram,ಮಲ್ಲೇಶ್ವರಂ,157,157 - Malleshwaram,53,Malleshwaram,ಮಲ್ಲೇಶ್ವರಂ,53 - Malleshwaram,21827.0,10665.0,11162.0,479.0,231.0,248.0,194.0,97.0,97.0,18949,28424,6,RO- Malleshwaram,19,ARO- Malleshwaram,Zone2,Malleshwaram
ward_369_final.124,North,ಉತ್ತರ,2,Hebbal,ಹೆಬ್ಬಾಳ,158,158 - Hebbal,53,R.T Nagar,ಆರ್.ಟಿ ನಗರ,53 - R.T Nagar,29905.0,15442.0,14473.0,787.0,402.0,385.0,274.0,144.0,130.0,19943,29914,5,RO- R.T Nagar,13,ARO- R.T Nagar,Zone2,Yelahanka
ward_369_final.50,Central,ಕೇಂದ್ರ,1,Chamrajapet,ಚಾಮರಾಜಪೇಟೆ,168,168 - Chamrajapet,53,Rayapuram,ರಾಯಪುರಂ,53 - Rayapuram,23438.0,11837.0,11601.0,12602.0,6322.0,6280.0,287.0,150.0,137.0,18853,28280,3,RO - Chamrajapet,9,ARO- Padarayanapura,Zone2,Gandhinagara
ward_369_final.367,Central,ಕೇಂದ್ರ,1,Gandhinagara,ಗಾಂಧಿನಗರ,164,164 - Gandhinagara,54,Binnypete,ಬಿನ್ನಿಪೇಟೆ,54 - Binnypete,25018.0,12854.0,12164.0,5512.0,2802.0,2710.0,583.0,293.0,290.0,18853,28280,5,RO - Gandhinagara,14,ARO- Binnypete,Zone2,Gandhinagara
ward_369_final.93,North,ಉತ್ತರ,2,Hebbal,ಹೆಬ್ಬಾಳ,158,158 - Hebbal,54,Gangenahalli,ಗಂಗೇನಹಳ್ಳಿ,54 - Gangenahalli,24120.0,12299.0,11821.0,2926.0,1476.0,1450.0,328.0,163.0,165.0,19943,29914,5,RO- R.T Nagar,12,ARO- Ganganagar,Zone2,Yelahanka
ward_369_final.170,South,ದಕ್ಷಿಣ,4,Bommanahalli,ಬೊಮ್ಮನಹಳ್ಳಿ,175,175 - Bommanahalli,54,Kengal Hanumanthaiah South,ಕೆಂಗಲ್ ಹನುಮಂತಯ್ಯ ದಕ್ಷಿಣ,54 - Kengal Hanumanthaiah South,25484.0,13425.0,12058.0,1020.0,540.0,480.0,457.0,236.0,221.0,18594,27891,6,RO- Arakere,17,ARO- Jaraganahalli,Zone2,Bommanahalli
ward_369_final.189,West,ಪಶ್ಚಿಮ,5,Malleshwaram,ಮಲ್ಲೇಶ್ವರಂ,157,157 - Malleshwaram,54,Subedarpalya,ಸುಬೇದಾರಪಾಳ್ಯ,54 - Subedarpalya,24829.0,12821.0,12008.0,3319.0,1661.0,1658.0,447.0,226.0,221.0,18949,28424,6,RO- Malleshwaram,19,ARO- Malleshwaram,Zone2,Malleshwaram
ward_369_final.261,Central,ಕೇಂದ್ರ,1,Gandhinagara,ಗಾಂಧಿನಗರ,164,164 - Gandhinagara,55,Bhuvaneshwari Nagar,ಭುವನೇಶ್ವರಿ ನಗರ,55 - Bhuvaneshwari Nagar,19936.0,10174.0,9762.0,1586.0,837.0,749.0,670.0,336.0,333.0,18853,28280,5,RO - Gandhinagara,14,ARO- Binnypete,Zone2,Gandhinagara
ward_369_final.86,North,ಉತ್ತರ,2,Hebbal,ಹೆಬ್ಬಾಳ,158,158 - Hebbal,55,Ganganagar,ಗಂಗಾನಗರ,55 - Ganganagar,25186.0,12939.0,12247.0,2088.0,1033.0,1055.0,306.0,172.0,134.0,19943,29914,5,RO- R.T Nagar,12,ARO- Ganganagar,Zone2,Yelahanka
ward_369_final.122,South,ದಕ್ಷಿಣ,4,Bommanahalli,ಬೊಮ್ಮನಹಳ್ಳಿ,175,175 - Bommanahalli,55,Puttenahalli,ಪುಟ್ಟೇನಹಳ್ಳಿ,55 - Puttenahalli,21484.0,10981.0,10504.0,1148.0,561.0,587.0,480.0,245.0,235.0,18594,27891,6,RO- Arakere,17,ARO- Jaraganahalli,Zone2,Bommanahalli
ward_369_final.300,West,ಪಶ್ಚಿಮ,5,Malleshwaram,ಮಲ್ಲೇಶ್ವರಂ,157,157 - Malleshwaram,55,Subramanyanagara,ಸುಬ್ರಹ್ಮಣ್ಯನಗರ,55 - Subramanyanagara,27312.0,13591.0,13721.0,978.0,471.0,507.0,286.0,148.0,138.0,18949,28424,6,RO- Malleshwaram,22,ARO- Subramanyanagara,Zone2,Malleshwaram
ward_369_final.123,South,ದಕ್ಷಿಣ,4,Bommanahalli,ಬೊಮ್ಮನಹಳ್ಳಿ,175,175 - Bommanahalli,56,Doresanipalya,ದೊರೆಸಾನಿಪಾಳ್ಯ,56 - Doresanipalya,23059.0,11969.0,11090.0,445.0,218.0,227.0,107.0,55.0,52.0,18594,27891,6,RO- Arakere,15,ARO- Arakere,Zone2,Bommanahalli
ward_369_final.299,West,ಪಶ್ಚಿಮ,5,Malleshwaram,ಮಲ್ಲೇಶ್ವರಂ,157,157 - Malleshwaram,56,Gayathri Nagara,ಗಾಯತ್ರಿ ನಗರ,56 - Gayathri Nagara,26978.0,13816.0,13162.0,801.0,404.0,397.0,363.0,201.0,162.0,18949,28424,6,RO- Malleshwaram,22,ARO- Subramanyanagara,Zone2,Malleshwaram
ward_369_final.365,Central,ಕೇಂದ್ರ,1,Gandhinagara,ಗಾಂಧಿನಗರ,164,164 - Gandhinagara,56,Gopalpura,ಗೋಪಾಲಪುರ,56 - Gopalpura,26986.0,13789.0,13197.0,6655.0,3307.0,3348.0,338.0,177.0,161.0,18853,28280,5,RO - Gandhinagara,14,ARO- Binnypete,Zone2,Gandhinagara
ward_369_final.75,North,ಉತ್ತರ,2,Hebbal,ಹೆಬ್ಬಾಳ,158,158 - Hebbal,56,Hebbal,ಹೆಬ್ಬಾಳ,56 - Hebbal,27422.0,14044.0,13378.0,5278.0,2689.0,2588.0,800.0,405.0,395.0,19943,29914,4,RO- Hebbal,10,ARO- Hebbal,Zone2,Yelahanka
ward_369_final.70,North,ಉತ್ತರ,2,Hebbal,ಹೆಬ್ಬಾಳ,158,158 - Hebbal,57,Bhoopasandra,ಭೂಪಸಂದ್ರ,57 - Bhoopasandra,25193.0,13039.0,12154.0,1610.0,816.0,794.0,385.0,195.0,191.0,19943,29914,4,RO- Hebbal,10,ARO- Hebbal,Zone2,Yelahanka
ward_369_final.366,Central,ಕೇಂದ್ರ,1,Gandhinagara,ಗಾಂಧಿನಗರ,164,164 - Gandhinagara,57,Cottonpete,ಕಾಟನ್‌ಪೇಟೆ,57 - Cottonpete,27147.0,14426.0,12720.0,871.0,436.0,435.0,193.0,108.0,85.0,18853,28280,5,RO - Gandhinagara,15,ARO- Chickpete,Zone2,Gandhinagara
ward_369_final.192,South,ದಕ್ಷಿಣ,4,Bommanahalli,ಬೊಮ್ಮನಹಳ್ಳಿ,175,175 - Bommanahalli,57,Hulimavu,ಹುಳಿಮಾವು,57 - Hulimavu,19598.0,10294.0,9304.0,2213.0,1144.0,1071.0,441.0,216.0,225.0,18594,27891,6,RO- Arakere,15,ARO- Arakere,Zone2,Bommanahalli
ward_369_final.214,West,ಪಶ್ಚಿಮ,5,Malleshwaram,ಮಲ್ಲೇಶ್ವರಂ,157,157 - Malleshwaram,57,Kuvempu Ward,ಕುವೆಂಪು ವಾರ್ಡ್,57 - Kuvempu Ward,24283.0,12310.0,11973.0,695.0,362.0,332.0,165.0,93.0,72.0,18949,28424,6,RO- Malleshwaram,22,ARO- Subramanyanagara,Zone2,Malleshwaram
ward_369_final.199,South,ದಕ್ಷಿಣ,4,Bommanahalli,ಬೊಮ್ಮನಹಳ್ಳಿ,175,175 - Bommanahalli,58,Arakere,ಅರಕೆರೆ,58 - Arakere,18995.0,9900.0,9095.0,1407.0,729.0,678.0,356.0,185.0,171.0,18594,27891,6,RO- Arakere,15,ARO- Arakere,Zone2,Bommanahalli
ward_369_final.222,Central,ಕೇಂದ್ರ,1,Gandhinagara,ಗಾಂಧಿನಗರ,164,164 - Gandhinagara,58,Chickpete,ಚಿಕ್ಕಪೇಟೆ,58 - Chickpete,27619.0,14812.0,12806.0,245.0,121.0,124.0,158.0,88.0,70.0,18853,28280,5,RO - Gandhinagara,15,ARO- Chickpete,Zone2,Gandhinagara
ward_369_final.265,West,ಪಶ್ಚಿಮ,5,Rajajinagar,ರಾಜಾಜಿನಗರ,165,165 - Rajajinagar,58,Dayanand Nagara,ದಯಾನಂದ ನಗರ,58 - Dayanand Nagara,21165.0,10793.0,10372.0,7449.0,3733.0,3716.0,165.0,88.0,77.0,18949,28424,9,RO- Rajajinagara,28,ARO- Prakash Nagara,Zone2,Malleshwaram
ward_369_final.4,North,ಉತ್ತರ,2,Hebbal,ಹೆಬ್ಬಾಳ,158,158 - Hebbal,58,Nagashettyhalli,ನಾಗಶೆಟ್ಟಿಹಳ್ಳಿ,58 - Nagashettyhalli,23289.0,11861.0,11429.0,1643.0,821.0,821.0,412.0,224.0,187.0,19943,29914,4,RO- Hebbal,11,ARO- Nagashettyhalli,Zone2,Yelahanka
ward_369_final.278,West,ಪಶ್ಚಿಮ,5,Rajajinagar,ರಾಜಾಜಿನಗರ,165,165 - Rajajinagar,59,Bandi Reddy Circle Ward,ಬಂಡಿ ರೆಡ್ಡಿ ವೃತ್ತ ವಾರ್ಡ್,59 - Bandi Reddy Circle Ward,21286.0,10840.0,10446.0,3805.0,1894.0,1912.0,95.0,46.0,49.0,18949,28424,9,RO- Rajajinagara,28,ARO- Prakash Nagara,Zone2,Malleshwaram
ward_369_final.56,North,ಉತ್ತರ,2,Hebbal,ಹೆಬ್ಬಾಳ,158,158 - Hebbal,59,Geddalahalli,ಗೆದ್ದಲಹಳ್ಳಿ,59 - Geddalahalli,23331.0,12021.0,11309.0,2833.0,1466.0,1367.0,533.0,273.0,260.0,19943,29914,4,RO- Hebbal,11,ARO- Nagashettyhalli,Zone2,Yelahanka
ward_369_final.307,Central,ಕೇಂದ್ರ,1,Gandhinagara,ಗಾಂಧಿನಗರ,164,164 - Gandhinagara,59,Nehru Nagar,ನೆಹರು ನಗರ,59 - Nehru Nagar,25780.0,14248.0,11532.0,6345.0,3194.0,3150.0,255.0,149.0,106.0,18853,28280,5,RO - Gandhinagara,15,ARO- Chickpete,Zone2,Gandhinagara
ward_369_final.52,South,ದಕ್ಷಿಣ,4,Bommanahalli,ಬೊಮ್ಮನಹಳ್ಳಿ,175,175 - Bommanahalli,59,Vijaya Bank Layout,ವಿಜಯ ಬ್ಯಾಂಕ್ ಲೇಔಟ್,59 - Vijaya Bank Layout,27787.0,14761.0,13025.0,2426.0,1259.0,1168.0,319.0,167.0,152.0,18594,27891,6,RO- Arakere,16,ARO- Bilekanahalli,Zone2,Bommanahalli
ward_369_final.279,Central,ಕೇಂದ್ರ,1,Shivajinagar,ಶಿವಾಜಿನಗರ,162,162 - Shivajinagar,6,Bharathi Nagar,ಭಾರತಿ ನಗರ,6 - Bharathi Nagar,24220.0,12305.0,11915.0,2102.0,1022.0,1080.0,108.0,52.0,56.0,18853,28280,7,RO- Shivajinagar,22,ARO- Halasuru,Zone2,Gandhinagara
ward_369_final.85,North,ಉತ್ತರ,2,Yelahanka,ಯಲಹಂಕ,150,150 - Yelahanka,6,Doddabettahalli,ದೊಡ್ಡಬೆಟ್ಟಹಳ್ಳಿ,6 - Doddabettahalli,29553.0,15685.0,13868.0,3183.0,1648.0,1536.0,1010.0,517.0,494.0,19943,29914,11,RO- Yelahanka,28,ARO- Attur,Zone2,Yelahanka
ward_369_final.43,South,ದಕ್ಷಿಣ,4,Padmanabanagar,ಪದ್ಮನಾಭನಗರ,171,171 - Padmanabanagar,6,Gowdanapalya,ಗೌಡನಪಾಳ್ಯ,6 - Gowdanapalya,24691.0,12907.0,11784.0,1808.0,955.0,853.0,145.0,81.0,64.0,18594,27891,11,RO- Padmanabhanagara,28,ARO- Banashankari,Zone1,Jayanagar
ward_369_final.248,East,ಪೂರ್ವ,3,K.R. Pura,ಕೆ.ಆರ್. ಪುರ,151,151 - K.R. Pura,6,Kalkere,ಕಲ್ಕೆರೆ,6 - Kalkere,17359.0,9026.0,8413.0,2168.0,1106.0,1061.0,122.0,70.0,52.0,14567,21851,1,RO- Horamavu,3,ARO- Kalkere,Zone2,K.R. Pura
ward_369_final.348,West,ಪಶ್ಚಿಮ,5,Dasarahalli,ದಾಸರಹಳ್ಳಿ,155,155 - Dasarahalli,6,Shivapura,ಶಿವಪುರ,6 - Shivapura,26408.0,14281.0,12117.0,3647.0,1945.0,1702.0,958.0,517.0,441.0,18949,28424,2,RO- Hegganahalli,7,ARO- Shivapura,Zone1,Rajarajeshwarinagar
ward_369_final.154,South,ದಕ್ಷಿಣ,4,Bommanahalli,ಬೊಮ್ಮನಹಳ್ಳಿ,175,175 - Bommanahalli,60,Bilekahalli,ಬಿಳೇಕಹಳ್ಳಿ,60 - Bilekahalli,25208.0,13233.0,11976.0,2135.0,1079.0,1057.0,171.0,88.0,83.0,18594,27891,6,RO- Arakere,16,ARO- Bilekanahalli,Zone2,Bommanahalli
ward_369_final.13,North,ಉತ್ತರ,2,Rajarajeshwarinagar,ರಾಜರಾಜೇಶ್ವರಿನಗರ,154,154 - Rajarajeshwarinagar,60,Jalahalli,ಜಾಲಹಳ್ಳಿ,60 - Jalahalli,23400.0,11902.0,11498.0,7043.0,3489.0,3554.0,1129.0,577.0,553.0,19943,29914,8,RO- Jalahalli,20,ARO- Jalahalli,Zone2,Yelahanka
ward_369_final.263,West,ಪಶ್ಚಿಮ,5,Rajajinagar,ರಾಜಾಜಿನಗರ,165,165 - Rajajinagar,60,Prakash Nagara,ಪ್ರಕಾಶ ನಗರ,60 - Prakash Nagara,19859.0,10133.0,9726.0,1588.0,798.0,790.0,138.0,71.0,68.0,18949,28424,9,RO- Rajajinagara,28,ARO- Prakash Nagara,Zone2,Malleshwaram
ward_369_final.273,Central,ಕೇಂದ್ರ,1,Gandhinagara,ಗಾಂಧಿನಗರ,164,164 - Gandhinagara,60,Seshadripuram,ಶೇಷಾದ್ರಿಪುರಂ,60 - Seshadripuram,19052.0,9810.0,9242.0,1790.0,897.0,893.0,178.0,93.0,85.0,18853,28280,5,RO - Gandhinagara,17,ARO- Sheshadripuram,Zone2,Gandhinagara
ward_369_final.369,West,ಪಶ್ಚಿಮ,5,Rajajinagar,ರಾಜಾಜಿನಗರ,165,165 - Rajajinagar,61,Da.Ra. Bendre Ward,ದ.ರಾ.ಬೇಂದ್ರೆ ವಾರ್ಡ್,61 - Da.Ra. Bendre Ward,20756.0,10743.0,10013.0,1397.0,705.0,692.0,170.0,88.0,81.0,18949,28424,9,RO- Rajajinagara,30,ARO- Rama Mandira,Zone2,Malleshwaram
ward_369_final.281,Central,ಕೇಂದ್ರ,1,Gandhinagara,ಗಾಂಧಿನಗರ,164,164 - Gandhinagara,61,Dattatreya Ward,ದತ್ತಾತ್ರೇಯ ವಾರ್ಡ್,61 - Dattatreya Ward,19627.0,9950.0,9677.0,3220.0,1611.0,1609.0,300.0,147.0,152.0,18853,28280,5,RO - Gandhinagara,17,ARO- Sheshadripuram,Zone2,Gandhinagara
ward_369_final.107,North,ಉತ್ತರ,2,Rajarajeshwarinagar,ರಾಜರಾಜೇಶ್ವರಿನಗರ,154,154 - Rajarajeshwarinagar,61,HMT Ward,ಎಚ್ಎಮ್.ಟಿ ವಾರ್ಡ್,61 - HMT Ward,29538.0,15214.0,14325.0,3773.0,1932.0,1841.0,995.0,506.0,489.0,19943,29914,8,RO- Jalahalli,20,ARO- Jalahalli,Zone2,Yelahanka
ward_369_final.153,South,ದಕ್ಷಿಣ,4,Bommanahalli,ಬೊಮ್ಮನಹಳ್ಳಿ,175,175 - Bommanahalli,61,Kodi Chikkanahalli,ಕೋಡಿ ಚಿಕ್ಕನಹಳ್ಳಿ,61 - Kodi Chikkanahalli,27784.0,14680.0,13104.0,4153.0,2097.0,2056.0,534.0,270.0,264.0,18594,27891,6,RO- Arakere,16,ARO- Bilekanahalli,Zone2,Bommanahalli
ward_369_final.60,North,ಉತ್ತರ,2,Rajarajeshwarinagar,ರಾಜರಾಜೇಶ್ವರಿನಗರ,154,154 - Rajarajeshwarinagar,62,Brundavana Nagara,ಬೃಂದಾವನ ನಗರ,62 - Brundavana Nagara,28749.0,14953.0,13796.0,1662.0,849.0,813.0,434.0,225.0,209.0,19943,29914,8,RO- Jalahalli,21,ARO- Yeshwanthpura,Zone2,Yelahanka
ward_369_final.174,South,ದಕ್ಷಿಣ,4,Bommanahalli,ಬೊಮ್ಮನಹಳ್ಳಿ,175,175 - Bommanahalli,62,Devarachikkanahalli,ದೇವರಚಿಕ್ಕನಹಳ್ಳಿ,62 - Devarachikkanahalli,24847.0,13062.0,11784.0,1419.0,757.0,662.0,386.0,202.0,183.0,18594,27891,7,RO- Bommanahalli,18,ARO- Bommanahalli,Zone2,Bommanahalli
ward_369_final.356,West,ಪಶ್ಚಿಮ,5,Rajajinagar,ರಾಜಾಜಿನಗರ,165,165 - Rajajinagar,62,Rama Mandira,ರಾಮ ಮಂದಿರ,62 - Rama Mandira,22322.0,11241.0,11082.0,498.0,251.0,247.0,177.0,92.0,85.0,18949,28424,9,RO- Rajajinagara,30,ARO- Rama Mandira,Zone2,Malleshwaram
ward_369_final.91,Central,ಕೇಂದ್ರ,1,Gandhinagara,ಗಾಂಧಿನಗರ,164,164 - Gandhinagara,62,Swatantra Palya Ward,ಸ್ವತಂತ್ರ ಪಾಳ್ಯ ವಾರ್ಡ್,62 - Swatantra Palya Ward,28137.0,14255.0,13883.0,12723.0,6443.0,6280.0,367.0,198.0,170.0,18853,28280,5,RO - Gandhinagara,16,ARO- Okalipuram,Zone2,Gandhinagara
ward_369_final.241,South,ದಕ್ಷಿಣ,4,Bommanahalli,ಬೊಮ್ಮನಹಳ್ಳಿ,175,175 - Bommanahalli,63,Bommanahalli,ಬೊಮ್ಮನಹಳ್ಳಿ,63 - Bommanahalli,26792.0,14010.0,12782.0,838.0,422.0,415.0,201.0,110.0,91.0,18594,27891,7,RO- Bommanahalli,18,ARO- Bommanahalli,Zone2,Bommanahalli
ward_369_final.23,North,ಉತ್ತರ,2,Rajarajeshwarinagar,ರಾಜರಾಜೇಶ್ವರಿನಗರ,154,154 - Rajarajeshwarinagar,63,J.P PARK,ಜೆಪಿ ಪಾರ್ಕ್,63 - J.P PARK,22172.0,11393.0,10779.0,3139.0,1591.0,1547.0,390.0,208.0,183.0,19943,29914,8,RO- Jalahalli,21,ARO- Yeshwanthpura,Zone2,Yelahanka
ward_369_final.44,Central,ಕೇಂದ್ರ,1,Gandhinagara,ಗಾಂಧಿನಗರ,164,164 - Gandhinagara,63,Okalipuram,ಓಕಳಿಪುರಂ,63 - Okalipuram,27815.0,14222.0,13593.0,3976.0,1968.0,2007.0,245.0,112.0,133.0,18853,28280,5,RO - Gandhinagara,16,ARO- Okalipuram,Zone2,Gandhinagara
ward_369_final.289,West,ಪಶ್ಚಿಮ,5,Rajajinagar,ರಾಜಾಜಿನಗರ,165,165 - Rajajinagar,63,Rajajinagara,ರಾಜಾಜಿನಗರ,63 - Rajajinagara,19632.0,9933.0,9700.0,600.0,301.0,299.0,174.0,89.0,85.0,18949,28424,9,RO- Rajajinagara,29,ARO- Rajajinagara,Zone2,Malleshwaram
ward_369_final.158,South,ದಕ್ಷಿಣ,4,Bommanahalli,ಬೊಮ್ಮನಹಳ್ಳಿ,175,175 - Bommanahalli,64,Hongasandra,ಹೊಂಗಸಂದ್ರ,64 - Hongasandra,27790.0,14968.0,12821.0,2023.0,1055.0,969.0,821.0,437.0,384.0,18594,27891,7,RO- Bommanahalli,18,ARO- Bommanahalli,Zone2,Bommanahalli
ward_369_final.309,West,ಪಶ್ಚಿಮ,5,Rajajinagar,ರಾಜಾಜಿನಗರ,165,165 - Rajajinagar,64,Shivanagara,ಶಿವನಗರ,64 - Shivanagara,20472.0,10929.0,9544.0,820.0,435.0,385.0,348.0,186.0,162.0,18949,28424,9,RO- Rajajinagara,29,ARO- Rajajinagara,Zone2,Malleshwaram
ward_369_final.66,North,ಉತ್ತರ,2,Rajarajeshwarinagar,ರಾಜರಾಜೇಶ್ವರಿನಗರ,154,154 - Rajarajeshwarinagar,64,Yeshwanthpura,ಯಶವಂತಪುರ,64 - Yeshwanthpura,20236.0,10311.0,9925.0,1705.0,854.0,852.0,307.0,153.0,154.0,19943,29914,8,RO- Jalahalli,21,ARO- Yeshwanthpura,Zone2,Yelahanka
ward_369_final.98,North,ಉತ್ತರ,2,Dasarahalli,ದಾಸರಹಳ್ಳಿ,155,155 - Dasarahalli,65,Abbigere,ಅಬ್ಬಿಗೆರೆ,65 - Abbigere,21241.0,9098.0,8247.0,2183.0,1118.0,1065.0,577.0,304.0,273.0,19943,29914,3,RO- Dasarahalli,9,ARO- Shetty Halli,Zone2,Yelahanka
ward_369_final.116,South,ದಕ್ಷಿಣ,4,Bommanahalli,ಬೊಮ್ಮನಹಳ್ಳಿ,175,175 - Bommanahalli,65,Garvebavi Palya,ಗಾರ್ವೆಬಾವಿ ಪಾಳ್ಯ,65 - Garvebavi Palya,22967.0,12881.0,10086.0,1369.0,738.0,631.0,424.0,249.0,174.0,18594,27891,7,RO- Bommanahalli,20,ARO- Singasandra,Zone2,Bommanahalli
ward_369_final.164,West,ಪಶ್ಚಿಮ,5,Rajajinagar,ರಾಜಾಜಿನಗರ,165,165 - Rajajinagar,65,Manjunath Nagara,ಮಂಜುನಾಥ್  ನಗರ,65 - Manjunath Nagara,20584.0,10676.0,9907.0,1578.0,798.0,780.0,229.0,136.0,93.0,18949,28424,8,RO- Basaveshwara Nagara,27,ARO- Manjunath Nagara,Zone2,Malleshwaram
ward_369_final.34,North,ಉತ್ತರ,2,Dasarahalli,ದಾಸರಹಳ್ಳಿ,155,155 - Dasarahalli,66,Kammagondanahalli,ಕಮ್ಮಗೊಂಡನಹಳ್ಳಿ,66 - Kammagondanahalli,20542.0,10868.0,9674.0,3515.0,1807.0,1708.0,498.0,259.0,240.0,19943,29914,3,RO- Dasarahalli,9,ARO- Shetty Halli,Zone2,Yelahanka
ward_369_final.165,West,ಪಶ್ಚಿಮ,5,Rajajinagar,ರಾಜಾಜಿನಗರ,165,165 - Rajajinagar,66,Sane Guruvana Halli,ಸಾಣೆ ಗುರುವನ ಹಳ್ಳಿ,66 - Sane Guruvana Halli,20561.0,10679.0,9882.0,1354.0,688.0,666.0,415.0,207.0,208.0,18949,28424,8,RO- Basaveshwara Nagara,27,ARO- Manjunath Nagara,Zone2,Malleshwaram
ward_369_final.143,South,ದಕ್ಷಿಣ,4,Bommanahalli,ಬೊಮ್ಮನಹಳ್ಳಿ,175,175 - Bommanahalli,66,Singasandra,ಸಿಂಗಸಂದ್ರ,66 - Singasandra,19089.0,10250.0,8839.0,2633.0,1288.0,1345.0,271.0,150.0,121.0,18594,27891,7,RO- Bommanahalli,20,ARO- Singasandra,Zone2,Bommanahalli
ward_369_final.144,South,ದಕ್ಷಿಣ,4,Bommanahalli,ಬೊಮ್ಮನಹಳ್ಳಿ,175,175 - Bommanahalli,67,Bandepalya,ಬಂಡೇಪಾಳ್ಯ,67 - Bandepalya,19744.0,10547.0,9197.0,1725.0,883.0,842.0,321.0,179.0,142.0,18594,27891,7,RO- Bommanahalli,19,ARO- Mangamanapalya,Zone2,Bommanahalli
ward_369_final.357,West,ಪಶ್ಚಿಮ,5,Rajajinagar,ರಾಜಾಜಿನಗರ,165,165 - Rajajinagar,67,Basaveshwara Nagara,ಬಸವೇಶ್ವರ ನಗರ,67 - Basaveshwara Nagara,20769.0,10382.0,10387.0,1052.0,534.0,518.0,259.0,123.0,136.0,18949,28424,8,RO- Basaveshwara Nagara,26,ARO- Basaveshwara Nagara,Zone2,Malleshwaram
ward_369_final.101,North,ಉತ್ತರ,2,Dasarahalli,ದಾಸರಹಳ್ಳಿ,155,155 - Dasarahalli,67,Shettihalli,ಶೆಟ್ಟಿಹಳ್ಳಿ,67 - Shettihalli,23313.0,12157.0,11156.0,4650.0,2349.0,2301.0,546.0,278.0,269.0,19943,29914,3,RO- Dasarahalli,9,ARO- Shetty Halli,Zone2,Yelahanka
ward_369_final.291,West,ಪಶ್ಚಿಮ,5,Rajajinagar,ರಾಜಾಜಿನಗರ,165,165 - Rajajinagar,68,Kamakshipalya,ಕಾಮಾಕ್ಷಿಪಾಳ್ಯ,68 - Kamakshipalya,25024.0,13135.0,11889.0,2345.0,1207.0,1138.0,419.0,217.0,202.0,18949,28424,8,RO- Basaveshwara Nagara,26,ARO- Basaveshwara Nagara,Zone2,Malleshwaram
ward_369_final.11,North,ಉತ್ತರ,2,Dasarahalli,ದಾಸರಹಳ್ಳಿ,155,155 - Dasarahalli,68,Mallasandra,ಮಲ್ಲಸಂದ್ರ,68 - Mallasandra,26890.0,14180.0,12710.0,4041.0,2076.0,1965.0,668.0,356.0,313.0,19943,29914,3,RO- Dasarahalli,7,ARO- Bagalagunte,Zone2,Yelahanka
ward_369_final.208,South,ದಕ್ಷಿಣ,4,Bommanahalli,ಬೊಮ್ಮನಹಳ್ಳಿ,175,175 - Bommanahalli,68,Mangammana Palya,ಮಂಗಮ್ಮನ ಪಾಳ್ಯ,68 - Mangammana Palya,23783.0,12624.0,11160.0,1414.0,712.0,701.0,607.0,318.0,289.0,18594,27891,7,RO- Bommanahalli,19,ARO- Mangamanapalya,Zone2,Bommanahalli
ward_369_final.225,West,ಪಶ್ಚಿಮ,5,Govindraj Nagar,ಗೋವಿಂದರಾಜ ನಗರ,166,166 - Govindraj Nagar,69,Agrahara Dasarahalli,ಅಗ್ರಹಾರ ದಾಸರಹಳ್ಳಿ,69 - Agrahara Dasarahalli,24742.0,12806.0,11936.0,2959.0,1525.0,1434.0,552.0,281.0,271.0,18949,28424,4,RO- Govindraj Nagar,12,ARO- Agrahara Dasarahalli,Zone2,Malleshwaram
ward_369_final.10,North,ಉತ್ತರ,2,Dasarahalli,ದಾಸರಹಳ್ಳಿ,155,155 - Dasarahalli,69,Bagalagunte,ಬಾಗಲಗುಂಟೆ,69 - Bagalagunte,28685.0,14976.0,13709.0,1422.0,734.0,688.0,794.0,393.0,400.0,19943,29914,3,RO- Dasarahalli,7,ARO- Bagalagunte,Zone2,Yelahanka
ward_369_final.213,South,ದಕ್ಷಿಣ,4,Bommanahalli,ಬೊಮ್ಮನಹಳ್ಳಿ,175,175 - Bommanahalli,69,Hosapalya,ಹೊಸಪಾಳ್ಯ,69 - Hosapalya,18834.0,9984.0,8850.0,1941.0,997.0,945.0,451.0,257.0,194.0,18594,27891,1,RO- HSR Layout,22,ARO- Iblur,Zone2,Bommanahalli
ward_369_final.103,North,ಉತ್ತರ,2,Yelahanka,ಯಲಹಂಕ,150,150 - Yelahanka,7,Attur,ಅಟ್ಟುರು,7 - Attur,26922.0,13982.0,12940.0,2897.0,1435.0,1461.0,663.0,338.0,324.0,19943,29914,11,RO- Yelahanka,28,ARO- Attur,Zone2,Yelahanka
ward_369_final.18,South,ದಕ್ಷಿಣ,4,Jayanagar,ಜಯನಗರ,173,173 - Jayanagar,7,Byrasandra,ಬೈರಸಂದ್ರ,7 - Byrasandra,21108.0,10510.0,10598.0,2813.0,1399.0,1414.0,225.0,109.0,116.0,18594,27891,9,RO- Jayanagar,23,ARO- Byrasandra,Zone1,Jayanagar
ward_369_final.249,East,ಪೂರ್ವ,3,K.R. Pura,ಕೆ.ಆರ್. ಪುರ,151,151 - K.R. Pura,7,K Chennasandra,ಕೆ ಚೆನ್ನಸಂದ್ರ,7 - K Chennasandra,14572.0,7477.0,7015.0,1778.0,906.0,872.0,684.0,337.0,347.0,14567,21851,2,RO- KR Pura,5,ARO- Bhattarahalli,Zone2,K.R. Pura
ward_369_final.267,Central,ಕೇಂದ್ರ,1,Shivajinagar,ಶಿವಾಜಿನಗರ,162,162 - Shivajinagar,7,K Kamaraj Ward,ಕೆ ಕಾಮರಾಜ್ ವಾರ್ಡ್,7 - K Kamaraj Ward,23193.0,11561.0,11632.0,1345.0,652.0,693.0,115.0,60.0,55.0,18853,28280,7,RO- Shivajinagar,22,ARO- Halasuru,Zone2,Gandhinagara
ward_369_final.177,West,ಪಶ್ಚಿಮ,5,Dasarahalli,ದಾಸರಹಳ್ಳಿ,155,155 - Dasarahalli,7,Rajagopala Nagara,ರಾಜಗೋಪಾಲ ನಗರ,7 - Rajagopala Nagara,24944.0,13594.0,11350.0,1731.0,911.0,820.0,510.0,262.0,247.0,18949,28424,2,RO- Hegganahalli,5,ARO- Hegganahalli,Zone1,Rajarajeshwarinagar
ward_369_final.276,West,ಪಶ್ಚಿಮ,5,Govindraj Nagar,ಗೋವಿಂದರಾಜ ನಗರ,166,166 - Govindraj Nagar,70,Dr Rajkumar Ward,ಡಾ. ರಾಜ್‌ಕುಮಾರ್ ವಾರ್ಡ್,70 - Dr Rajkumar Ward,24106.0,12476.0,11630.0,2155.0,1117.0,1038.0,676.0,352.0,324.0,18949,28424,4,RO- Govindraj Nagar,12,ARO- Agrahara Dasarahalli,Zone2,Malleshwaram
ward_369_final.105,South,ದಕ್ಷಿಣ,4,Bommanahalli,ಬೊಮ್ಮನಹಳ್ಳಿ,175,175 - Bommanahalli,70,Iblur,ಇಬ್ಬಲೂರು,70 - Iblur,27146.0,14110.0,13035.0,3177.0,1608.0,1568.0,437.0,231.0,206.0,18594,27891,1,RO- HSR Layout,22,ARO- Iblur,Zone2,Bommanahalli
ward_369_final.12,North,ಉತ್ತರ,2,Dasarahalli,ದಾಸರಹಳ್ಳಿ,155,155 - Dasarahalli,70,Manjunatha Nagar,ಮಂಜುನಾಥ ನಗರ,70 - Manjunatha Nagar,27870.0,14552.0,13319.0,1944.0,991.0,953.0,987.0,499.0,488.0,19943,29914,3,RO- Dasarahalli,7,ARO- Bagalagunte,Zone2,Yelahanka
ward_369_final.120,South,ದಕ್ಷಿಣ,4,Bommanahalli,ಬೊಮ್ಮನಹಳ್ಳಿ,175,175 - Bommanahalli,71,Agara,ಅಗರ,71 - Agara,18836.0,9742.0,9095.0,1264.0,639.0,625.0,288.0,142.0,147.0,18594,27891,1,RO- HSR Layout,21,ARO- HSR Layout,Zone2,Bommanahalli
ward_369_final.28,North,ಉತ್ತರ,2,Dasarahalli,ದಾಸರಹಳ್ಳಿ,155,155 - Dasarahalli,71,Nele Maheshwaramma Temple Ward,ನೆಲೆ ಮಹೇಶ್ವರಮ್ಮ ದೇವಸ್ಥಾನ ವಾರ್ಡ್,71 - Nele Maheshwaramma Temple Ward,27033.0,14610.0,12423.0,970.0,519.0,452.0,568.0,304.0,264.0,19943,29914,3,RO- Dasarahalli,8,ARO- Dasarahalli,Zone2,Yelahanka
ward_369_final.167,West,ಪಶ್ಚಿಮ,5,Govindraj Nagar,ಗೋವಿಂದರಾಜ ನಗರ,166,166 - Govindraj Nagar,71,Thimmenahalli,ತಿಮ್ಮೇನಹಳ್ಳಿ,71 - Thimmenahalli,23837.0,12315.0,11522.0,2508.0,1231.0,1278.0,432.0,228.0,205.0,18949,28424,4,RO- Govindraj Nagar,14,ARO- Thimenhalli,Zone2,Malleshwaram
ward_369_final.8,North,ಉತ್ತರ,2,Dasarahalli,ದಾಸರಹಳ್ಳಿ,155,155 - Dasarahalli,72,Dasarahalli,ದಾಸರಹಳ್ಳಿ,72 - Dasarahalli,29082.0,15410.0,13672.0,2162.0,1116.0,1046.0,521.0,278.0,243.0,19943,29914,3,RO- Dasarahalli,8,ARO- Dasarahalli,Zone2,Yelahanka
ward_369_final.151,South,ದಕ್ಷಿಣ,4,Bommanahalli,ಬೊಮ್ಮನಹಳ್ಳಿ,175,175 - Bommanahalli,72,HSR Layout,ಎಚ್‌ಎಸ್‌ಆರ್ ಲೇಔಟ್,72 - HSR Layout,18787.0,9747.0,9040.0,1304.0,681.0,623.0,297.0,149.0,148.0,18594,27891,1,RO- HSR Layout,21,ARO- HSR Layout,Zone2,Bommanahalli
ward_369_final.198,West,ಪಶ್ಚಿಮ,5,Govindraj Nagar,ಗೋವಿಂದರಾಜ ನಗರ,166,166 - Govindraj Nagar,72,Kaveripura,ಕಾವೇರಿಪುರ,72 - Kaveripura,22300.0,12360.0,9940.0,793.0,437.0,356.0,444.0,238.0,206.0,18949,28424,4,RO- Govindraj Nagar,13,ARO- Kaveripura,Zone2,Malleshwaram
ward_369_final.217,West,ಪಶ್ಚಿಮ,5,Govindraj Nagar,ಗೋವಿಂದರಾಜ ನಗರ,166,166 - Govindraj Nagar,73,Dr. Vishnuvardhan Ward,ಡಾII ವಿಷ್ಣುವರ್ಧನ್ ವಾರ್ಡ್,73 - Dr. Vishnuvardhan Ward,21949.0,11129.0,10820.0,802.0,408.0,395.0,238.0,130.0,108.0,18949,28424,4,RO- Govindraj Nagar,14,ARO- Thimenhalli,Zone2,Malleshwaram
ward_369_final.324,West,ಪಶ್ಚಿಮ,5,Govindraj Nagar,ಗೋವಿಂದರಾಜ ನಗರ,166,166 - Govindraj Nagar,74,Pattegar Palya,ಪಟ್ಟೆಗಾರ್ ಪಾಳ್ಯ,74 - Pattegar Palya,20465.0,10741.0,9723.0,970.0,497.0,472.0,531.0,269.0,261.0,18949,28424,4,RO- Govindraj Nagar,13,ARO- Kaveripura,Zone2,Malleshwaram
ward_369_final.351,West,ಪಶ್ಚಿಮ,5,Govindraj Nagar,ಗೋವಿಂದರಾಜ ನಗರ,166,166 - Govindraj Nagar,75,Marenahalli West,ಮಾರೇನಹಳ್ಳಿ ಪಶ್ಚಿಮ,75 - Marenahalli West,23915.0,12415.0,11500.0,1082.0,563.0,519.0,391.0,187.0,204.0,18949,28424,3,RO- Chandra Layout,10,ARO- Marenahalli,Zone2,Malleshwaram
ward_369_final.338,West,ಪಶ್ಚಿಮ,5,Govindraj Nagar,ಗೋವಿಂದರಾಜ ನಗರ,166,166 - Govindraj Nagar,76,Moodalapalya,ಮೂಡಲಪಾಳ್ಯ,76 - Moodalapalya,19590.0,10168.0,9421.0,1122.0,575.0,547.0,403.0,204.0,200.0,18949,28424,3,RO- Chandra Layout,10,ARO- Marenahalli,Zone2,Malleshwaram
ward_369_final.166,West,ಪಶ್ಚಿಮ,5,Govindraj Nagar,ಗೋವಿಂದರಾಜ ನಗರ,166,166 - Govindraj Nagar,77,Maruthi Mandira Ward,ಮಾರುತಿ ಮಂದಿರ ವಾರ್ಡ್,77 - Maruthi Mandira Ward,21251.0,11060.0,10191.0,1029.0,538.0,491.0,252.0,130.0,122.0,18949,28424,3,RO- Chandra Layout,11,ARO- Maruthi Mandira,Zone2,Malleshwaram
ward_369_final.345,West,ಪಶ್ಚಿಮ,5,Govindraj Nagar,ಗೋವಿಂದರಾಜ ನಗರ,166,166 - Govindraj Nagar,78,Anubhava Nagara,ಅನುಭವ ನಗರ,78 - Anubhava Nagara,23375.0,12025.0,11350.0,1045.0,520.0,525.0,317.0,167.0,150.0,18949,28424,3,RO- Chandra Layout,11,ARO- Maruthi Mandira,Zone2,Malleshwaram
ward_369_final.82,West,ಪಶ್ಚಿಮ,5,Govindraj Nagar,ಗೋವಿಂದರಾಜ ನಗರ,166,166 - Govindraj Nagar,79,Nagarbhavi,ನಾಗರಭಾವಿ,79 - Nagarbhavi,28194.0,14491.0,13703.0,2075.0,1046.0,1029.0,396.0,200.0,196.0,18949,28424,3,RO- Chandra Layout,9,ARO- Chandra Layout,Zone2,Malleshwaram
ward_369_final.197,East,ಪೂರ್ವ,3,K.R. Pura,ಕೆ.ಆರ್. ಪುರ,151,151 - K.R. Pura,8,Anandapura,ಆನಂದಪುರ,8 - Anandapura,18898.0,9699.0,9199.0,2458.0,1234.0,1225.0,358.0,193.0,165.0,14567,21851,2,RO- KR Pura,5,ARO- Bhattarahalli,Zone2,K.R. Pura
ward_369_final.79,Central,ಕೇಂದ್ರ,1,Shivajinagar,ಶಿವಾಜಿನಗರ,162,162 - Shivajinagar,8,Halasuru,ಹಲಸೂರು,8 - Halasuru,24019.0,12372.0,11647.0,7838.0,3948.0,3890.0,190.0,114.0,76.0,18853,28280,7,RO- Shivajinagar,22,ARO- Halasuru,Zone2,Gandhinagara
ward_369_final.362,West,ಪಶ್ಚಿಮ,5,Dasarahalli,ದಾಸರಹಳ್ಳಿ,155,155 - Dasarahalli,8,Hegganahalli,ಹೆಗ್ಗನಹಳ್ಳಿ,8 - Hegganahalli,28416.0,15161.0,13255.0,2005.0,1050.0,955.0,604.0,327.0,278.0,18949,28424,2,RO- Hegganahalli,5,ARO- Hegganahalli,Zone1,Rajarajeshwarinagar
ward_369_final.150,North,ಉತ್ತರ,2,Byatarayanapura,ಬ್ಯಾಟರಾಯನಪುರ,152,152 - Byatarayanapura,8,Singapura,ಸಿಂಗಾಪುರ,8 - Singapura,24794.0,12624.0,12170.0,2680.0,1318.0,1363.0,585.0,293.0,292.0,19943,29914,1,RO- Bytarayanapura,3,ARO- Vidyaranyapura,Zone1,Byatarayanapura
ward_369_final.19,South,ದಕ್ಷಿಣ,4,Jayanagar,ಜಯನಗರ,173,173 - Jayanagar,8,Tilak Nagara,ತಿಲಕ ನಗರ,8 - Tilak Nagara,25625.0,13008.0,12617.0,2769.0,1375.0,1395.0,262.0,128.0,134.0,18594,27891,9,RO- Jayanagar,23,ARO- Byrasandra,Zone1,Jayanagar
ward_369_final.283,West,ಪಶ್ಚಿಮ,5,Govindraj Nagar,ಗೋವಿಂದರಾಜ ನಗರ,166,166 - Govindraj Nagar,80,Chandra Layout,ಚಂದ್ರ ಲೇಔಟ್,80 - Chandra Layout,26205.0,13378.0,12827.0,1810.0,907.0,904.0,361.0,184.0,177.0,18949,28424,3,RO- Chandra Layout,9,ARO- Chandra Layout,Zone2,Malleshwaram
ward_369_final.221,West,ಪಶ್ಚಿಮ,5,Govindraj Nagar,ಗೋವಿಂದರಾಜ ನಗರ,166,166 - Govindraj Nagar,81,Nayanda Halli,ನಾಯಂಡ ಹಳ್ಳಿ,81 - Nayanda Halli,25982.0,13376.0,12606.0,4615.0,2312.0,2303.0,471.0,246.0,225.0,18949,28424,3,RO- Chandra Layout,9,ARO- Chandra Layout,Zone2,Malleshwaram
ward_369_final.280,West,ಪಶ್ಚಿಮ,5,Vijayanagar,ವಿಜಯನಗರ,167,167 - Vijayanagar,82,Attigupe,ಅತ್ತಿಗುಪ್ಪೆ,82 - Attigupe,24614.0,12673.0,11941.0,1632.0,843.0,789.0,258.0,129.0,129.0,18949,28424,12,RO- Hampi Nagar,37,ARO- Hampi Nagar,Zone2,Malleshwaram
ward_369_final.288,West,ಪಶ್ಚಿಮ,5,Vijayanagar,ವಿಜಯನಗರ,167,167 - Vijayanagar,83,Hampi Nagar,ಹಂಪಿ ನಗರ,83 - Hampi Nagar,23420.0,12018.0,11402.0,959.0,488.0,471.0,253.0,121.0,132.0,18949,28424,12,RO- Hampi Nagar,37,ARO- Hampi Nagar,Zone2,Malleshwaram
ward_369_final.347,West,ಪಶ್ಚಿಮ,5,Vijayanagar,ವಿಜಯನಗರ,167,167 - Vijayanagar,84,Hosahalli,ಹೊಸಹಳ್ಳಿ,84 - Hosahalli,27966.0,14417.0,13548.0,3020.0,1536.0,1484.0,376.0,194.0,183.0,18949,28424,13,RO- Vijayanagar,39,ARO- Hosahalli,Zone2,Malleshwaram
ward_369_final.354,West,ಪಶ್ಚಿಮ,5,Vijayanagar,ವಿಜಯನಗರ,167,167 - Vijayanagar,85,Adi Chunchanagiri Ward,ಆದಿ ಚುಂಚನಗಿರಿ ವಾರ್ಡ್,85 - Adi Chunchanagiri Ward,26463.0,13516.0,12947.0,1309.0,655.0,654.0,341.0,178.0,163.0,18949,28424,13,RO- Vijayanagar,39,ARO- Hosahalli,Zone2,Malleshwaram
ward_369_final.228,West,ಪಶ್ಚಿಮ,5,Vijayanagar,ವಿಜಯನಗರ,167,167 - Vijayanagar,86,Vidyaranyanagara,ವಿದ್ಯಾರಣ್ಯನಗರ,86 - Vidyaranyanagara,28411.0,14786.0,13705.0,1977.0,1018.0,958.0,722.0,380.0,342.0,18949,28424,13,RO- Vijayanagar,40,ARO- KP Agrahara,Zone2,Malleshwaram
ward_369_final.183,West,ಪಶ್ಚಿಮ,5,Vijayanagar,ವಿಜಯನಗರ,167,167 - Vijayanagar,87,K.P Agrahara,ಕೆ.ಪಿ. ಅಗ್ರಹಾರ,87 - K.P Agrahara,23555.0,12024.0,11451.0,986.0,479.0,507.0,323.0,161.0,162.0,18949,28424,13,RO- Vijayanagar,40,ARO- KP Agrahara,Zone2,Malleshwaram
ward_369_final.180,West,ಪಶ್ಚಿಮ,5,Vijayanagar,ವಿಜಯನಗರ,167,167 - Vijayanagar,88,Sangolli Rayanna Ward,ಸಂಗೊಳ್ಳಿ ರಾಯಣ್ಣ ವಾರ್ಡ್,88 - Sangolli Rayanna Ward,26299.0,13342.0,12957.0,610.0,314.0,297.0,2054.0,1058.0,997.0,18949,28424,13,RO- Vijayanagar,40,ARO- KP Agrahara,Zone2,Malleshwaram
ward_369_final.282,West,ಪಶ್ಚಿಮ,5,Vijayanagar,ವಿಜಯನಗರ,167,167 - Vijayanagar,89,Bapuji Nagara,ಬಾಪೂಜಿ ನಗರ,89 - Bapuji Nagara,20625.0,10705.0,9921.0,628.0,319.0,309.0,277.0,148.0,129.0,18949,28424,13,RO- Vijayanagar,38,ARO- Gali Anjaneya Temple,Zone2,Malleshwaram
ward_369_final.238,East,ಪೂರ್ವ,3,K.R. Pura,ಕೆ.ಆರ್. ಪುರ,151,151 - K.R. Pura,9,Bhattarahalli,ಭಟ್ಟರಹಳ್ಳಿ,9 - Bhattarahalli,14911.0,7666.0,7245.0,1646.0,829.0,817.0,434.0,226.0,208.0,14567,21851,2,RO- KR Pura,5,ARO- Bhattarahalli,Zone2,K.R. Pura
ward_369_final.46,Central,ಕೇಂದ್ರ,1,C.V. Raman Nagar,ಸಿ.ವಿ. ರಾಮನ್ ನಗರ,161,161 - C.V. Raman Nagar,9,Hoysala Nagara Central,ಹೊಯ್ಸಳ ನಗರ ಕೇಂದ್ರ,9 - Hoysala Nagara Central,27798.0,13720.0,14078.0,11211.0,5530.0,5681.0,384.0,193.0,190.0,18853,28280,1,RO- Indiranagar,1,ARO- Indiranagar,Zone1,C.V. Raman Nagar
ward_369_final.193,North,ಉತ್ತರ,2,Byatarayanapura,ಬ್ಯಾಟರಾಯನಪುರ,152,152 - Byatarayanapura,9,Kuvempunagara,ಕುವೆಂಪುನಗರ,9 - Kuvempunagara,25815.0,13091.0,12723.0,9151.0,4561.0,4589.0,748.0,361.0,387.0,19943,29914,1,RO- Bytarayanapura,3,ARO- Vidyaranyapura,Zone1,Byatarayanapura
ward_369_final.172,South,ದಕ್ಷಿಣ,4,Jayanagar,ಜಯನಗರ,173,173 - Jayanagar,9,N.A.L Layout,ಎನ್‌.ಎ.ಎಲ್ ಲೇಔಟ್,9 - N.A.L Layout,20532.0,10467.0,10066.0,992.0,509.0,484.0,716.0,352.0,364.0,18594,27891,9,RO- Jayanagar,25,ARO- NAL Layout,Zone1,Jayanagar
ward_369_final.185,West,ಪಶ್ಚಿಮ,5,Dasarahalli,ದಾಸರಹಳ್ಳಿ,155,155 - Dasarahalli,9,Srigandhanagar,ಶ್ರೀಗಂಧನಗರ,9 - Srigandhanagar,22361.0,12116.0,10245.0,1142.0,609.0,533.0,534.0,286.0,248.0,18949,28424,2,RO- Hegganahalli,8,ARO- Sunkadakatte,Zone1,Rajarajeshwarinagar
ward_369_final.311,West,ಪಶ್ಚಿಮ,5,Vijayanagar,ವಿಜಯನಗರ,167,167 - Vijayanagar,90,Krishnadevaraya ward,ಕೃಷ್ಣದೇವರಾಯ ವಾರ್ಡ್,90 - Krishnadevaraya ward,28148.0,14478.0,13669.0,3804.0,1945.0,1859.0,448.0,232.0,216.0,18949,28424,13,RO- Vijayanagar,38,ARO- Gali Anjaneya Temple,Zone2,Malleshwaram
ward_369_final.339,West,ಪಶ್ಚಿಮ,5,Vijayanagar,ವಿಜಯನಗರ,167,167 - Vijayanagar,91,Gali Anjaneya Temple Ward,ಗಾಳಿ ಆಂಜನೇಯ ದೇವಸ್ಥಾನ ವಾರ್ಡ್,91 - Gali Anjaneya Temple Ward,22841.0,11807.0,11034.0,2269.0,1187.0,1082.0,688.0,367.0,321.0,18949,28424,13,RO- Vijayanagar,38,ARO- Gali Anjaneya Temple,Zone2,Malleshwaram
ward_369_final.295,West,ಪಶ್ಚಿಮ,5,Vijayanagar,ವಿಜಯನಗರ,167,167 - Vijayanagar,92,Muneshwara Block,ಮುನೇಶ್ವರ ಬ್ಲಾಕ್,92 - Muneshwara Block,19922.0,10335.0,9587.0,2234.0,1133.0,1102.0,397.0,198.0,199.0,18949,28424,12,RO- Hampi Nagar,36,ARO- Avalahalli,Zone2,Malleshwaram
ward_369_final.178,West,ಪಶ್ಚಿಮ,5,Vijayanagar,ವಿಜಯನಗರ,167,167 - Vijayanagar,93,Avalahalli,ಆವಲಹಳ್ಳಿ,93 - Avalahalli,24326.0,12633.0,11693.0,1052.0,546.0,506.0,293.0,141.0,152.0,18949,28424,12,RO- Hampi Nagar,36,ARO- Avalahalli,Zone2,Malleshwaram
ward_369_final.346,West,ಪಶ್ಚಿಮ,5,Vijayanagar,ವಿಜಯನಗರ,167,167 - Vijayanagar,94,Deepanjali Nagara,ದೀಪಾಂಜಲಿ ನಗರ,94 - Deepanjali Nagara,27561.0,14457.0,13104.0,3449.0,1812.0,1637.0,586.0,316.0,269.0,18949,28424,12,RO- Hampi Nagar,37,ARO- Hampi Nagar,Zone2,Malleshwaram
ward_369_final.284,West,ಪಶ್ಚಿಮ,5,Basavanagudi,ಬಸವನಗುಡಿ,170,170 - Basavanagudi,95,Swamy Vivekananda Ward,ಸ್ವಾಮಿ ವಿವೇಕಾನಂದ ವಾರ್ಡ್,95 - Swamy Vivekananda Ward,28152.0,14070.0,14081.0,445.0,224.0,221.0,226.0,115.0,111.0,18949,28424,1,RO- Basavanagudi,2,ARO- Katriguppe,Zone2,Malleshwaram
ward_369_final.326,West,ಪಶ್ಚಿಮ,5,Basavanagudi,ಬಸವನಗುಡಿ,170,170 - Basavanagudi,96,Kathriguppe,ಕತ್ರಿಗುಪ್ಪೆ,96 - Kathriguppe,27696.0,14064.0,13632.0,557.0,294.0,263.0,372.0,179.0,193.0,18949,28424,1,RO- Basavanagudi,2,ARO- Katriguppe,Zone2,Malleshwaram
ward_369_final.287,West,ಪಶ್ಚಿಮ,5,Basavanagudi,ಬಸವನಗುಡಿ,170,170 - Basavanagudi,97,Srinivasa Nagara,ಶ್ರೀನಿವಾಸ ನಗರ,97 - Srinivasa Nagara,25716.0,13278.0,12438.0,385.0,195.0,190.0,366.0,202.0,164.0,18949,28424,1,RO- Basavanagudi,4,ARO- Srinivasa Nagara,Zone2,Malleshwaram
ward_369_final.361,West,ಪಶ್ಚಿಮ,5,Basavanagudi,ಬಸವನಗುಡಿ,170,170 - Basavanagudi,98,Ashoka Nagara,ಅಶೋಕ ನಗರ,98 - Ashoka Nagara,28420.0,14813.0,13607.0,367.0,188.0,179.0,224.0,120.0,104.0,18949,28424,1,RO- Basavanagudi,1,ARO- Hanumanthanagar,Zone2,Malleshwaram
ward_369_final.331,West,ಪಶ್ಚಿಮ,5,Basavanagudi,ಬಸವನಗುಡಿ,170,170 - Basavanagudi,99,T.R Shamanna Nagar,ಟಿ.ಆರ್.ಶಾಮಣ್ಣ ನಗರ,99 - T.R Shamanna Nagar,22292.0,11372.0,10920.0,875.0,459.0,416.0,314.0,151.0,164.0,18949,28424,1,RO- Basavanagudi,3,ARO- Srinagar,Zone2,Malleshwaram
