Ward_Name,Zone,surface_temp,urban_index,veg_index,water_index,health_score,city_rank,cluster
Halsoor,East,34.011624150599026,-0.0387101037354326,0.1131691574014002,-0.0766914150572644,1.2405933391859414,1,2
Sampangiram Nagar,East,34.86153228372669,-0.0479104666124042,0.1777032819421504,-0.1400526267190525,1.090796193533063,2,1
Aramane Nagara,West,34.46694541807559,-0.0456628457478248,0.1875567155108471,-0.1534547505501551,1.0897056272294552,3,1
Dodda Bommasandra,Yelahanka,34.831425777722586,-0.0384838858650288,0.1665737719309574,-0.1401829440184399,0.9065601477038427,4,1
Pattabhiram Nagar,South,35.17468101109387,-0.0378749811859695,0.1501160727172729,-0.1259143678404393,0.8447419659677325,5,1
Adugodi,South,35.754999513187606,-0.0428514949882935,0.182971851320043,-0.1506335289403456,0.8107067823349408,6,1
Vasanth Nagar,East,35.05803076768587,-0.035033254853169,0.1661052369234839,-0.143958928063501,0.7878876474626058,7,1
Bilekhalli,Bommanahalli ,34.74362563518706,-0.0277337003289822,0.127149042582627,-0.1102296154141536,0.7815056895840631,8,2
Gangenahalli,East,35.1946078286002,-0.0352352163882697,0.1657744132357893,-0.145255078640832,0.75123933322056,9,1
Shakambari Nagar,South,35.26673832021911,-0.0348434041013067,0.1488678136454834,-0.1298209360102209,0.749218451209726,10,1
Agaram,East,35.29125235806376,-0.0379615110710614,0.2054071711817455,-0.1802244106791214,0.7384899705677057,11,1
Jayanagar,South,35.400842093667954,-0.032363842162205,0.1551863947148061,-0.1375313103414627,0.6724649179260003,12,1
Hanumanth Nagar,South,35.67016623731484,-0.0302831265870571,0.1297972259597024,-0.1096247462693215,0.6636919620049471,13,2
Vishveshwara Puram,South,35.52703102468446,-0.0298818115290412,0.1434505400733151,-0.1242453160299531,0.653748414594613,14,1
Jayamahal,East,35.17422940718874,-0.0292661756929572,0.1546184167274245,-0.1414081252047101,0.6402558974730129,15,1
Kuvempu Nagar,Yelahanka,35.13255958895129,-0.0310104554082826,0.186541073117645,-0.1713834043242528,0.630978421932588,16,1
Jeevanbhima Nagar,East,35.285579141082074,-0.0287829332469576,0.1552831019547873,-0.141403683108173,0.618733981929553,17,1
Radhakrishna Temple Ward,East,35.13275903914712,-0.0274125877734247,0.1434250156100781,-0.1360835583786776,0.5938990133600528,18,1
New Tippasandara,East,35.09418923890393,-0.0245657904810475,0.1540038305923076,-0.1432372575374356,0.579839755916245,19,1
Sarvagna Nagar,East,35.44933057588564,-0.031729174809205,0.1884859098606089,-0.1730991464969351,0.5793946141178488,20,1
Jalahalli,Rajarajeshwari Nagar,35.69347127663031,-0.0320607697065814,0.1863845582525972,-0.16682319130068,0.5782636294005856,21,1
Hoysala Nagar,East,35.29748806850828,-0.0271332900359574,0.1495846336727345,-0.1390756698069317,0.5774233152807663,22,1
Konena Agrahara,East,35.47110344086994,-0.0270085307257368,0.1638004736829482,-0.1514573648420066,0.5356682093398467,23,1
C V Raman Nagar,East,34.95129830853007,-0.0207647401226021,0.1443367466353671,-0.1400211474351188,0.5218313970211944,24,1
Kodigehalli,Yelahanka,35.015812408152144,-0.0194198332571517,0.1285705964142713,-0.1261015644424409,0.504872892558187,25,2
Shantala Nagar,East,35.707718371482166,-0.0266210854590574,0.1491537144310722,-0.1385040659951486,0.4974442690857859,26,1
Koramangala,South,35.72291696061085,-0.0264932633826982,0.1487140196279154,-0.1386172248045559,0.4890369216517485,27,1
Domlur,East,35.66749412522506,-0.022361601873311,0.1429053601386908,-0.1387743404721707,0.4086504856365132,28,1
Bellanduru,Mahadevapura,35.28240466912835,-0.0190993421958931,0.1491766260037084,-0.1488100476478794,0.3981772955373258,29,1
Ganesh Mandir ward,South,36.13132525763791,-0.0244504192256419,0.1291524294452027,-0.1235089985225186,0.3838466788196033,30,2
Yelahanka Satellite Town,Yelahanka,35.29278015368304,-0.0192499786451413,0.1527456039445453,-0.1566791875006048,0.3541961022545273,31,1
Rajamahal Guttahalli,West,35.7017291490618,-0.0173576652220984,0.1265906084681122,-0.1272951031558956,0.3293144970732017,32,2
Pulikeshinagar,East,35.93992204221961,-0.0213063517406447,0.1417899354240782,-0.14001479861727,0.3271163399973913,33,1
Yediyur,South,35.731140619952775,-0.0153255310024004,0.1176280914765806,-0.1173784927910462,0.3238109138746953,34,2
Chowdeswari Ward,Yelahanka,35.70776567223196,-0.020145991680849,0.1682782223551335,-0.1692754976183628,0.2870769570660894,35,1
Malleswaram,West,36.04677614265379,-0.017637363890251,0.1506107395019564,-0.1469735665825798,0.2658147175004289,36,1
Karisandra,South,36.01268244305609,-0.0165493957786142,0.1233128038419275,-0.1242569468904548,0.2657835973555011,37,2
Girinagar,South,36.10421959087685,-0.018115117162429,0.1201185740545724,-0.1219152248023541,0.2650670569091397,38,2
Sanjaya Nagar,East,35.77120394005976,-0.0172491042218465,0.1350516446720735,-0.1404413647073663,0.2596435750623705,39,1
Kadu Malleshwar Ward,West,35.92569691391645,-0.0167487332172643,0.1299988330116915,-0.1325381178851191,0.2588211712814556,40,2
J P Nagar,South,36.01133785981694,-0.0163851609200778,0.1223517090763714,-0.1253188251306377,0.2480046431787071,41,2
Nagapura,West,35.927699739625616,-0.0151868967045538,0.1210630822942302,-0.1247891935075705,0.2450499187689628,42,2
Shanthi Nagar,East,36.459471684787246,-0.0212806703478568,0.1546320856888217,-0.1499351682380788,0.234338474117841,43,1
Kacharkanahalli,East,35.08438219211634,-0.0072318098962998,0.1146821160981054,-0.1283639779860988,0.2319299092340347,44,2
Puttenahalli,Bommanahalli ,35.74991480666845,-0.0121322293438831,0.1202617508300641,-0.1258828302348593,0.2270713005224797,45,2
Sarakki,South,35.93787808916077,-0.0146128645893689,0.1219533970312487,-0.126722572770328,0.2257965977568329,46,2
HSR Layout,Bommanahalli ,35.65070174929002,-0.0107741795237281,0.1272602325626624,-0.1330871516781478,0.2158591172341865,47,2
Nagarabhavi,West,36.09284429572752,-0.0157171133221298,0.1301656938745958,-0.1331035779660727,0.212047540079059,48,2
Nandini Layout,West,36.60520892000369,-0.0191767748003568,0.132347256541523,-0.1299632477968338,0.2005057031040946,49,2
Kumaraswamy Layout,South,36.13385032147686,-0.014877150707138,0.1268347567789222,-0.130793143514156,0.1913782282068121,50,2
K R Puram,Mahadevapura,35.756564200255966,-0.0138185150868244,0.1440161817085716,-0.151646694025915,0.1873782431431749,51,1
Prakash Nagar,West,36.47350292308212,-0.0153965868215155,0.1211860492857734,-0.1204573426320133,0.1852965839247252,52,2
Devara Jeevanahalli,East,36.78942088445497,-0.0236569128717809,0.1747698828074906,-0.1686006706711925,0.1795403548742583,53,1
S K Garden,East,36.188509012983126,-0.0161784556946299,0.1668616337205966,-0.1678671681124992,0.1540959828962602,54,1
Benniganahalli,East,35.48981708578413,-0.0090116409629354,0.1470617189457964,-0.1577528649591663,0.1486421137221795,55,1
Byrasandra,South,36.17386400372416,-0.0119467963578158,0.1204126265505021,-0.1264655787615373,0.1423484727304624,56,2
Attiguppe,South,36.36891049341897,-0.0141790964941135,0.1186244624111521,-0.1242506348575912,0.1390678981637184,57,2
Banasavadi,East,35.61616193122277,-0.0080301569836455,0.1172217851293656,-0.1312137258151893,0.1357118231691441,58,2
Hampi Nagar,South,36.76810303606427,-0.0172472340054132,0.1215031239932162,-0.1227855089654939,0.1341453635482066,59,2
Jakkasandra,South,36.40317010238317,-0.0157793215698942,0.1420282869563994,-0.1458335170729064,0.1274647748801157,60,1
Dodda Nekkundi,Mahadevapura,35.59192853848438,-0.0080445144166341,0.128082122125742,-0.141978430842455,0.1226874165430792,61,2
Mahalakshimpuram,West,36.42680590742726,-0.0120971202472243,0.1083211167513636,-0.11508199240434,0.1116660260256552,62,2
Maruthi Seva Nagar,East,36.25564982695168,-0.0145575365035532,0.1468693624713921,-0.1530824401610539,0.1111460605485687,63,1
Vijnana Nagar,Mahadevapura,35.571759786644776,-0.006529243262421,0.1255706447896413,-0.1403480244612297,0.1052937673943549,64,2
Rajaji Nagar,West,36.47508665645238,-0.0116074926710249,0.1206923040192473,-0.1255224226280002,0.0928578894244143,65,2
Konankunte,Bommanahalli ,35.949828856993165,-0.0081288697818029,0.1213357171260035,-0.1352216348787198,0.0689860874140821,66,2
BTM Layout,South,36.37963774594325,-0.0105360378392303,0.1153536512706588,-0.1245773421338309,0.0685846724116616,67,2
Vidyaranyapura,Yelahanka,35.98089437177225,-0.0134917119428156,0.1660181370227156,-0.1783637611164703,0.063130664282994,68,1
Basaveshwara Nagar,West,36.61966915486652,-0.0131606771031952,0.1174081724784667,-0.1255353195168533,0.0608753867160819,69,2
Jayachamarajendra Nagar,East,36.18605545033492,-0.0095835510837967,0.1252528282819794,-0.1369016263100186,0.055162079323178,70,2
Jaraganahalli,Bommanahalli ,35.58746564732957,0.0045922483307554,0.0691946299293277,-0.0865463586573662,0.0461612811401879,71,2
Hagadur,Mahadevapura,35.88450325115502,-0.0105669425399253,0.155779415638874,-0.1705614031009253,0.0429362079342988,72,1
Basavanagudi,South,36.59251682824557,-0.0105481213192887,0.1155077677751895,-0.1239446969490349,0.0359425458964256,73,2
Govindaraja Nagar,West,36.79266802703975,-0.0115611434765993,0.1143305794097307,-0.1220391886621789,0.0190939456815186,74,2
Sunkenahalli,South,36.4276734492438,-0.0081630427312501,0.1140595405950007,-0.1251770378966663,0.017589953318655,75,2
Devasandra,Mahadevapura,36.29195959835284,-0.0077825910379528,0.1449985450081813,-0.1537616375925632,0.0061858962985853,76,3
Subramanya Nagar,West,36.13950256456116,-0.0042226846485921,0.1021250493548007,-0.1177697248771075,0.0056075937589938,77,2
Lakkasandra,South,37.26553961908976,-0.0134922074443993,0.1163932557115365,-0.119509832206489,-0.0091713328813767,78,2
Maruthi Mandir ward,West,37.0177958398128,-0.0111665739519078,0.1077606256964743,-0.1178235832425884,-0.0366571849882887,79,2
Ramaswamy Palya,East,36.435059218123534,-0.0073843220238097,0.1321160490777616,-0.1448749801574377,-0.0380564720875807,80,2
Sriramamandir,West,37.14894190900645,-0.01165904232746,0.11734614945146,-0.1237644850234261,-0.0395638660832518,81,2
Shivanagara,West,36.6278576581982,-0.0057780404637764,0.1049697302875179,-0.1175557318365515,-0.0446967916499593,82,2
Ganga Nagar,East,36.731908813113456,-0.0114874338144462,0.1541595948907951,-0.1627312993670346,-0.0460030388419452,83,3
Garudachar Playa,Mahadevapura,35.87869643559502,-0.0016269727827509,0.1268395470078206,-0.1469057711416457,-0.0573195617956799,84,2
Byatarayanapura,Yelahanka,36.21038253104005,-0.0069403046925269,0.1377701325281521,-0.1558727276358925,-0.05815779283247,85,3
Shankar Matt,West,36.55599437026613,-0.0042660720799611,0.0987949110642507,-0.1147638389492519,-0.0681841794922452,86,2
Jayanagar East,South,36.83468935791404,-0.0068798317381101,0.1097506449166508,-0.1217704971035155,-0.073329443852891,87,2
Rajarajeshwari Nagar,Rajarajeswari Nagar,36.90380777462469,-0.0122491263445343,0.1495877347749865,-0.1595576378878827,-0.073422567658989,88,3
Vidyapeeta ward,South,36.876536442587714,-0.0079456613412573,0.1091562198027859,-0.1226525051663055,-0.0805842931905073,89,2
Hosakerehalli,South,35.87380113074883,0.0028921232144596,0.096714716967947,-0.120684471162292,-0.0920252764489656,90,2
Marathahalli,Mahadevapura,36.11878827738581,-0.0029174499646893,0.1299386930772501,-0.1503576032207008,-0.0951047037217738,91,3
Hosahalli,South,37.04033781445162,-0.0076600404922001,0.1112303638088182,-0.1232570777468856,-0.1048939404904674,92,2
Marenahalli,West,36.77441765657893,-0.0045448325958636,0.100165876527707,-0.1172854045435389,-0.1178156897648946,93,2
Jogupalya,East,36.1637582582587,-0.000748787026937,0.1089273592909773,-0.1323484514987066,-0.1192513414895809,94,2
Horamavu,Mahadevapura,36.03091123369739,-0.0014798648017568,0.1323593044098274,-0.1558560364994057,-0.1267382329033395,95,3
Mudalapalya,West,36.77530007202878,-0.0030879827799462,0.0959293837309996,-0.1137638214174273,-0.1340267518606398,96,2
J P Park,Rajarajeshwari Nagar,36.71717987794303,-0.0062737875961349,0.1204061289830067,-0.1393615219023857,-0.1376641186793863,97,2
Kempegowda Ward,Yelahanka,35.953613570589994,-0.0006371115892402,0.1355954308496608,-0.1603236754275728,-0.1385806524452371,98,3
Chamrajapet,West,37.07969528061974,-0.0051598376110265,0.1134032880959742,-0.1247508750466628,-0.1391016302585039,99,2
Suddagunte Palya,South,36.60511188112678,-0.001076258765898,0.1144574128183512,-0.1307510913546615,-0.1440565617918811,100,2
Kamakshipalya,West,37.21162212205242,-0.0077994552332127,0.1138804901415119,-0.1270145572706957,-0.1492232834660001,101,2
Vannarpet,East,36.899397646060265,-0.0055131223425134,0.1269870426640207,-0.1411824423809405,-0.1497404472582671,102,2
Kadugodi,Mahadevapura,36.50435192219583,-0.006598596004108,0.1562617460201134,-0.1750482310459033,-0.1541184099206454,103,3
Katriguppe,South,36.67810038411734,-0.0020473381551731,0.0980797364780032,-0.1189012547098846,-0.1580451904048094,104,2
Arakere,Bommanahalli ,36.95642114480752,-0.0069970650198103,0.1354369710665433,-0.1500102336904881,-0.1607102201882495,105,3
Jnana Bharathi ward,Rajarajeswari Nagar,37.03432663560834,-0.0078174896000122,0.1514047652588428,-0.1646930146800941,-0.181517736482371,106,3
Okalipuram,West,37.28735406052719,-0.0048185620923041,0.1162393946799426,-0.1270440598278837,-0.1816128893347673,107,2
Mattikere,West,36.339219459114304,0.0025663400612355,0.1033177038259601,-0.1280998302570679,-0.1928036969513167,108,2
Basavanapura,Mahadevapura,36.35898412264016,3.0478866201491186e-08,0.1198835722615017,-0.145001759243125,-0.1977165981457761,109,2
Padmanabha Nagar,South,36.88614540510661,-0.002799634045339,0.1094922423830853,-0.129748394837068,-0.202295477657228,110,2
Varthuru,Mahadevapura,36.18966645578497,-0.0023315836727646,0.1600517274401236,-0.1849941525313847,-0.2061065687036809,111,3
Nayandahalli,West,37.20503382017544,-0.0051879436989628,0.1327736509904515,-0.1456314890182224,-0.208267241543796,112,3
Srinagar,South,36.92133280428209,0.0004483288579416,0.092776140727102,-0.1119474839385922,-0.208686895420217,113,2
Sagayarapuram,East,36.93993396278024,-0.0043195102280361,0.1263444243293409,-0.145088184569968,-0.2099883323364765,114,3
HBR Layout,East,36.00325365872848,0.0042531909789471,0.1172846008859429,-0.1462174229797014,-0.2105038383625893,115,2
Hebbala,East,36.84874437271482,-0.0028355586037553,0.1202537149145412,-0.1411258300140938,-0.2187049564145908,116,2
Subhash Nagar,West,37.96404722201839,-0.0087186628994847,0.1222303535388492,-0.1290380510141645,-0.2365693635176016,117,2
Siddapura,South,37.147212373569374,-0.0015301478877731,0.1165617015207507,-0.1322003957745136,-0.2369948480589615,118,2
Shakthi Ganapathi Nagar,West,36.920869711117206,0.0008165131866033,0.0957952632409015,-0.1172784937072286,-0.2383308855054762,119,2
Chikkalsandra,South,36.73678383914194,0.0025516307856783,0.0946367243322086,-0.1192362042281039,-0.2498529137606987,120,2
Vasanthpura,Bommanahalli ,36.93160660710964,-0.0021612294586267,0.1307597239771944,-0.1507910812760138,-0.2524561423042453,121,3
Dattatreya Temple,West,37.07928858190785,0.0004507306587587,0.1029128234560139,-0.1230271234192687,-0.2635261099908207,122,2
Uttarahalli,Bommanahalli ,37.13956207133631,-0.0045055206148546,0.1464953755164065,-0.1636248418377524,-0.264984264522599,123,3
Gandhinagar,West,37.49704384188282,-0.0028000487333217,0.1152341438262114,-0.1291871042472743,-0.2699087047417112,124,2
Agrahara Dasarahalli,West,37.47666672292437,-0.0023514816002388,0.107543340607569,-0.123685149786955,-0.2774606493456103,125,2
A Narayanapura,Mahadevapura,36.23432645491204,0.0084262443788984,0.0999239621158998,-0.1305373354535189,-0.2871314349101518,126,2
Vijnanapura,Mahadevapura,36.4172432570892,0.0055141252483153,0.1103643021380665,-0.1399801338741725,-0.2960772201622884,127,2
Bagalakunte,Dasarahalli ,36.85664146079869,-0.0002827044273733,0.1278715966618332,-0.1535319351323135,-0.3049584592049764,128,3
Kaval Bairasandra,East,36.89634165623901,0.0012695874897034,0.1151007305568383,-0.1407069578355227,-0.3081714903946582,129,2
Vijayanagar,South,37.29774216043312,0.0016807280828405,0.0966074202122731,-0.1179690709875299,-0.3185269029180384,130,2
Atturu,Yelahanka,36.41143051321533,0.0025376690677096,0.1406547353601361,-0.1734302158319016,-0.3396461295790418,131,3
Kammanahalli,East,35.649431382145195,0.0162254195566912,0.0852404236198179,-0.1271596902017402,-0.3439796292286242,132,2
Jakkuru,Yelahanka,36.498967440153024,0.0027565916126258,0.1446362032970828,-0.1751252593138149,-0.3451387866965725,133,3
Hombegowda Nagara,South,37.45970666401081,0.0014166413978946,0.1090874807733313,-0.128183794392351,-0.3468439366060603,134,2
Chokkasandra,Dasarahalli ,37.29145702814501,-0.0007822691655354,0.1291222736593978,-0.1513175325582473,-0.3513827380409838,135,3
Ejipura,South,36.92924117140923,0.0055056467229109,0.1029554414430287,-0.1299860128523225,-0.3554789981681638,136,2
Thanisandra,Yelahanka,36.74380656393361,0.0033959723247653,0.1229786976215109,-0.1532404745975248,-0.3590173214510266,137,3
Shettihalli,Dasarahalli ,36.96942949552947,0.0001324394976201,0.1529061197945689,-0.1788956239753771,-0.3762667695455628,138,3
Rayapuram,West,37.691283861189454,0.0014350373776274,0.1089125200588169,-0.127124910965246,-0.3818907888777727,139,0
Lingarajapura,East,36.73077619917697,0.0094487215669936,0.0994675705489153,-0.1315767827240308,-0.4033478232541936,140,2
Gayithri Nagar,West,36.98604206330755,0.0087959864575067,0.0883849447383266,-0.1182717652843458,-0.4046068576687338,141,0
Madivala,South,37.1684945396551,0.0089663272660293,0.0885446237159871,-0.1183038527422617,-0.4395360849381886,142,0
Kottegepalya,Rajarajeswari Nagar,37.88948938792081,-0.0011277815058141,0.1264806301427973,-0.1479582120162516,-0.4473009752682689,143,3
Azad Nagar,West,37.677471879185525,0.0053910978937434,0.1041715695120217,-0.1266394442100109,-0.4547480925344807,144,0
Banashankari Temple ward,South,37.21140432520095,0.0092383870233013,0.1039737341040012,-0.1312977815615144,-0.4555992253839861,145,0
HMT Ward,Rajarajeswari Nagar,37.9787091427854,-7.248005186563884e-05,0.1327848357140661,-0.1508357884136311,-0.4568202796358857,146,3
Chalavadipalya,West,38.138349109646015,-0.0011720708492545,0.1277617661486425,-0.1449574993757457,-0.457484964896669,147,3
Gottigere,Bommanahalli ,37.46584429050074,0.0024805868263316,0.1356976775172617,-0.1614003272244919,-0.4637372257503492,148,3
Bharathi Nagar,East,37.23188618345283,0.0087444198230119,0.1130563606243352,-0.1414363224813675,-0.4783813055685132,149,0
Yelchenahalli,Bommanahalli ,37.31991969979794,0.0087470172067527,0.1017642140788062,-0.1314528229692263,-0.4869422568051698,150,0
HAL Airport,Mahadevapura,37.61263921597176,0.0032304297502208,0.1587106343462879,-0.1802069322675821,-0.5020048246573923,151,3
Dr. Raj Kumar Ward,West,38.10731260476618,0.0035658201528873,0.1079057180246667,-0.1288032231352996,-0.5056423140707355,152,0
Marappana Palya,West,37.77617266840307,0.0052103454863634,0.1174628449123855,-0.1420495371276365,-0.512173340528996,153,0
Manorayanapalya,East,36.82588257019137,0.0145488612576362,0.0887911277941083,-0.1277940564417782,-0.5227532547630872,154,0
Ramamurthy Nagar,Mahadevapura,36.78143359856192,0.0112448058355942,0.1180436119205405,-0.1579662828306655,-0.5339206668657168,155,3
Vishwanath Nagenahalli,East,36.93911041278498,0.0132388504780397,0.0920266886621861,-0.1310993543873224,-0.5345660324800438,156,0
Cottonpete,West,37.8651413470301,0.0063552079945198,0.1062310139131899,-0.132785035544608,-0.5401180053339226,157,0
Dayananda Nagar,West,37.448127157080464,0.0113035667825787,0.088999997944644,-0.1214613674948708,-0.5430796385343769,158,0
Hudi,Mahadevapura,36.97092590686515,0.0091360294760962,0.132924624135471,-0.1709148640095356,-0.5528267247200183,159,3
Lakshmi Devi Nagar,Rajarajeswari Nagar,37.94153449047684,0.0061163370900002,0.1189659092875885,-0.1443273013774285,-0.562729008205729,160,0
Begur,Bommanahalli ,37.81604547181254,0.0038400040149236,0.1405258271375884,-0.1684948703650759,-0.5725731862708048,161,3
Singasandra,Bommanahalli ,37.52275365703302,0.0074739710266493,0.1281330293179885,-0.1604806824938148,-0.5779470698273661,162,3
Deepanjali Nagar,South,38.03289992009296,0.0074244651887148,0.1129436595276201,-0.1412654004693625,-0.6106190578475833,163,0
Ullalu,Rajarajeswari Nagar,38.19464996618386,0.0015114674618348,0.1460197542158046,-0.1733200572778525,-0.6190187868553263,164,3
Yeshwanthpura,Rajarajeswari Nagar,37.32607572460815,0.0133526995694177,0.1002414211571952,-0.1392845618988329,-0.6213063191959043,165,0
Bommanahalli,Bommanahalli ,37.65337017239471,0.0137763943306648,0.0965625977800347,-0.1324247854235708,-0.6526784796195055,166,0
Mallasandra,Dasarahalli ,37.58291705922279,0.0110741140609581,0.1183514543305968,-0.1555791925275608,-0.6572365408890413,167,3
Hemmigepura,Rajarajeswari Nagar,38.05419797289094,0.0051151917845112,0.162483162745981,-0.1906585502723454,-0.6708083567948981,168,3
Gurappanapalya,South,37.37092535820244,0.0206462107567122,0.0699052267123825,-0.1125207985234224,-0.6943310553369622,169,0
Jagajivanaramnagar,West,38.352280500430446,0.0112540541934073,0.1097025430050169,-0.1367121772323779,-0.697410527288053,170,0
Herohalli,Rajarajeswari Nagar,38.07770840650832,0.0077525689459055,0.1276342426935948,-0.1627070461061437,-0.7070327513807023,171,3
T Dasarahalli,Dasarahalli ,37.759800644545166,0.0153415679193462,0.0891967444166834,-0.1317314512833225,-0.7366389032821811,172,0
Binnipete,West,38.01292488202936,0.017610728131328,0.0872501237942078,-0.1259683193052946,-0.7731854339761857,173,0
Laggere,Rajarajeswari Nagar,38.2736770184351,0.0137485644969801,0.0950960505271291,-0.1327757388623607,-0.7806771305226687,174,0
Sudham Nagara,South,38.22074387520795,0.01736880318473,0.0926589789739045,-0.1306318063506141,-0.8115321656237906,175,0
Gali Anjenaya Temple ward,South,38.79336896838089,0.0156288202402632,0.1003939196033045,-0.1339064600432131,-0.8713289286251783,176,0
Peenya Industrial Area,Dasarahalli ,38.92427965780594,0.0118039765920445,0.1229682990906442,-0.1559604308112629,-0.8848711452388481,177,3
K R Market,West,39.1846681071362,0.0124609309019131,0.1001180174272249,-0.1328617945445899,-0.8996155253742076,178,0
Kengeri,Rajarajeswari Nagar,39.41139446439168,0.005623205778918,0.1405859588403481,-0.1702331226590788,-0.9036545167129972,179,3
Nilasandra,East,37.96311958410904,0.0239315006846936,0.0910456696349119,-0.1369441779345697,-0.9071889068671214,180,0
Mangammanapalya,Bommanahalli ,38.47311507454451,0.0186531375455006,0.0990824138503725,-0.1410211093717919,-0.9190068469211274,181,0
Anjanapura,Bommanahalli ,38.770254544866845,0.0117301565627114,0.1485601332356255,-0.1847945497859302,-0.927573582122766,182,3
Nagavara,East,37.66595579564533,0.0256514656839713,0.0935784275005019,-0.146718102104786,-0.940081154090382,183,0
Bapuji Nagar,South,38.85058654622459,0.0214499290121312,0.0800452767029606,-0.1204329616356902,-0.975474109236048,184,0
Hongasandra,Bommanahalli ,38.53351827219579,0.0227832514178309,0.0785668537937629,-0.1254424484219424,-0.9867195550851856,185,0
Vrisabhavathi Nagar,West,38.72821201706546,0.0222722150181822,0.0797338303242194,-0.1237379394538526,-0.9936068276074748,186,0
Kempapura Agrahara,South,38.34389545084525,0.0267088732827199,0.0690363723554522,-0.1183146793976214,-1.0022386356248087,187,0
Shivaji Nagar,East,37.59849351976099,0.0329163751738976,0.0777730285342828,-0.1334699639049857,-1.0078429292220363,188,0
Kadugondanahalli,East,38.26458021774069,0.0258071157804588,0.0893967114861513,-0.1409379719187062,-1.0316025611329878,189,0
Dharmaraya Swamy Temple,South,38.987334967885815,0.0230840389019815,0.0841274268234315,-0.1269201175892574,-1.0479294288565717,190,0
Kaveripura,West,39.12751097904407,0.0197594645167902,0.0945397902730492,-0.1388413248321448,-1.0660918065720857,191,0
Dodda Bidarakallu,Rajarajeswari Nagar,38.73934945991412,0.0192833497890181,0.1257000264682216,-0.1764719049141887,-1.0985594191416237,192,3
Kushal Nagar,East,38.27122063015495,0.0302903741927703,0.0819492268858853,-0.1367922612999899,-1.1014154846070805,193,0
Rajagopal Nagar,Dasarahalli ,39.27854716373445,0.0195924690770688,0.102625696666796,-0.1501029734486352,-1.13376753986184,194,0
Chickpete,West,38.02472848666097,0.0367498489654118,0.0639498963543468,-0.1252030908381738,-1.1566902988633752,195,0
Muneshwara Nagar,East,38.47825395142646,0.0299648603441303,0.0924133855443702,-0.1485540654578701,-1.1651879673842611,196,0
Hegganahalli,Dasarahalli ,39.169828961844495,0.0273892998676864,0.0866026036987218,-0.1411134789136749,-1.239001764194728,197,0
Padarayanapura,West,38.98948150627432,0.0377930763324414,0.0678374317852312,-0.1266542025863564,-1.3327790508856407,198,0
